ContentID,UserID,Type,Category
97522e57d9ab4bd697bfc24d952602d2,8d3cd87d8a3149359a4fb319bfe05f31,photo,Studying
9f737e0a3cdd4d299d24753f4e3be810,beb1f34e787046d69fc72e12eb83ce43,photo,healthy eating
230c4e4d70c3461db42cec09396efb3f,a5c6540458944b8782f2d787cbee86b4,photo,healthy eating
356fff80da4d47859f43bc1261031dc6,9fb4ce88fac1406c85441a899cee7aaf,photo,technology
01ab84dd63644236abbb3f237db77180,e206e31b5f854964b6ead7ee5324def1,video,food
cf1e8c1a23eb44269f58002fb1b53e91,4607d7b0331349b89f735b8227fc5b67,GIF,cooking
3f8590c76ab24973805a90cdec355f05,ae600af5c1f04b1fadb01b4c246373e4,video,dogs
e549011890d54572ab1c1fbc87b8d9ca,583f2bde886d4cf3a5c47cb60cd25df3,video,technology
0bedca96fb764287a83c17330ed39cce,2bd9c167e06c47c1a9783403d6724606,photo,soccer
b18cb63f4c8e44eea47f541e95191d11,13f0db8a152a496fa6e81ed6a90b8788,photo,public speaking
5118e9c513774cc5a48665b35b7b7b76,ef56931b540b4166909073ae48ac8d97,GIF,science
46fb701d6c26458eada32ebe5dbba01f,4fe1900d5e7841a388ed18e6889c6c77,audio,public speaking
0be59876d70c486c8e0ba06bef7a2cd6,72d2587e8fae4626a73d352e6465ba0f,GIF,tennis
81abd65a3b764574a0a7db6bf7184ae2,4793cc6dbe6042ccbfd47ce8fd4d0eab,video,food
e6ee2244938249a98cbffa54aaaa2392,740a4abd187d4783990b161c52fb5f86,audio,travel
7ffd0a824a0a4527a4d6e251b756bac7,425b702104094358af392bff14197d0a,GIF,fitness
f332d362dc4846c2a64b641157c0987e,05782669264e4c14990e14c8dbb13bef,GIF,soccer
a2e93b2992594092a4d762d5e823bb74,d0ea9a004ea94c81b16aa20b72f824ea,video,public speaking
9b3a6d3048e8476c82be9031524bd04d,3d13e0d3e765406592213f864689b9e0,video,food
850fe90d47d64eb7b9c8810afcb99ce9,a90c3ed27c6447c39da5b10d05f6f9f2,video,tennis
baa2db0081ba4c34b17ddd950bfa133b,2f112802250145b5a9d9470cda6ef23e,GIF,soccer
f98dde71ce1d4f6cbb05ae05779d2207,11f207c2011347e5aa9adf2c7b91ac75,GIF,soccer
388bd9db9d104f4787c46db46e83bc95,76cb4dbe774849ab81796e3f3b840dd6,video,education
78d0075f895c4a15a35ca921e2bb2cea,34fcadd6fa9b4404981ac70c86cde556,photo,studying
bda0b0657f8b4d52b7e9fcc375cdab08,7719b807bf224b368f6944d9a87d239b,photo,travel
a4067fb53ba84f9787c2ddad5e4029c2,e2377b94f06a49eda266377c4b07e980,GIF,food
809b41e37a6f4d8084bff8d7b0e2d0e1,10f311c3f54742608c0ea155008b7936,audio,dogs
34a3747a0b7742f6ae1987c38b94b674,5b62e10e3c194d28a57ce9bdc3d6758d,GIF,science
2920dccbe06f49fc8049b6d4164dfe84,f8926cfa70364929b5db925c26daea1a,GIF,veganism
f4e3840ebb7140c2afc59408d842646d,d9aab962e9644afd83eeabda0865da67,photo,healthy eating
a2ff9bf21fa640019566f597f8e754ef,f0ef81ec85b14475ae60aa7d373088aa,video,food
74718bbfe5a3442f8ca24a3428757fc1,e2377b94f06a49eda266377c4b07e980,video,dogs
89fd8f89807f4076b7e784db361e11c1,0c347562ce55450b91ab0707662b36f5,audio,studying
02fa1c4f722d46d2a85ee5b136b5f3bc,568e7c6fb1e94a85897caaaaa0ce8832,video,cooking
eec5e5214c284e8a93a9d544803fad7e,cad2d54d95554dfebfcd7a584895a002,audio,food
07f88a73aef245fd8b5d418e448b853d,18c56602937e4ff3bc6c43f0b14212ca,GIF,Animals
49367a0f1fd54417a7c94a154e1ae0ad,3eb6dad3c0174e778920fbdea84b0acc,photo,technology
457301ee3e8740d88b82ea4e1fa90e39,bec3a622137349c29d57e0281c34f5cf,GIF,healthy eating
4fa144537b294302b51f9aa23b472c1b,8c9c5ee79c8c4842bbd11d1e51da8164,audio,animals
16757b8028034464b5d7e372d8d77337,3e65775b36e4495d9c4528127fb3da5f,GIF,technology
ab4c47561c504136bad93216e01ffac2,bfe23c39f8144282b0f7506cd8295b8a,audio,fitness
4478d98e43e84dc0884dc1115aa8b970,d6204684926d41dbae9ca7bf2e76313a,audio,animals
34f73132fff64f01a5ec4b4b66461fc7,948f7e9d49bb4770bc9dcb3fb65cca15,photo,fitness
bfa4e11c9d7249b9bd4349d95c2e5181,f977560243ab4d54ad937c9a489879bc,photo,veganism
220d9dc1f8a5422db2003819f3b89b2b,26c9a1fc78b0460b8931cec1dc87aa0d,video,dogs
ea1afba2c0a84d0fac6491fd7a126bbc,49da0743cb4d4c84b6a2537bbe7256d1,GIF,healthy eating
18b4da8a5f224dbeb2afc9013581cdd9,b6d04982150941aba700b390d6cb4d02,GIF,studying
259cd56fb0174a4181a7f26ce9b35092,b870b76474474990a8d4024d33e0e67d,video,culture
14ed7f7b2c9644588a39606c25c14180,7918d46509534f209e28539e74c82e2f,video,tennis
c01fa154534840409d200bbf01f6349b,69532ce21ffe418780420230d115b24e,GIF,tennis
2d94960366764402900b2c2c78315ea0,4baf648a0ad5412d82505a0ff9289fbf,audio,culture
50c9237a541c4f10a2be7cbe076b2012,e79a2e9857b444698da487f338460d42,GIF,travel
5ecd7f9d41844836b1c5f03e131ba0a7,77a7b81e96f74e5a92c75b07f7333913,video,science
e442899cd2d64392be2da0b916ae47fb,c07fd88f9e7b47eb84778fcbffb7c5c8,video,technology
daab7b1afc8d473ebbf3b29f4185ae56,80e03bc0fc8f475ba4dd870844b7a313,video,science
82145a60013e4d9681a5399af8618158,2ad548cda8994992972b92cde9cea8f1,audio,food
d852b94601e144feabd726198660cbdb,242a3620fc184120ac7237b0f3716879,GIF,food
9dd95c348b394776a232412512329c3f,a6133f475586434e8be11e7122db1c0e,audio,fitness
c59e27e9043946998ea05e93f662a05d,fe15963d0a7742479bc604e146b826b2,GIF,fitness
78713905362f4a879671adab5f1e0e67,15e325b1c2214bf8801018d76b03646e,audio,dogs
87349e5beda44ae694d7c42b9c5f03e9,8fe167eb3c69459ab32db030b942eab4,GIF,healthy eating
5fbbdd47e1ca4cd4bb24dd0eb03f99b0,6ecb39b18f8544f1b2f30cffcba4d731,video,culture
ac1c59df28034cf48ec0fe6bd1f9ea44,f3eb7ee0778843a096861c399260b17e,GIF,soccer
026973ef4b7349019160bc9e04516057,4eed2f45f0404995a60f472af1ff379a,audio,culture
f08bdab2b888484e8fd9919e6ed86c12,3956593b7739426ab7a5e841c95a5df9,audio,education
a55b215b06c54ef3ac147e1569c3ad2e,1e571af51796424cb744a925897d44a3,GIF,education
258bb7753c354eec90f38b75a52e466a,ab9a4d703ae448d6b161c18bd687c3b4,photo,education
8d32243c2dd14128bde1d643207e582c,ef56931b540b4166909073ae48ac8d97,photo,studying
e2c433d2096e484e8c6928f0bb69f3b7,7adafb3c7c7c492bbe5b5ddd9ff1316a,audio,science
3d8fffab61074d7b9485c610e233c91c,9a84c667c91347cebe690f847dbfe0db,photo,studying
409aa11d5af34a709da1482857f5835e,7000ac2e87a04e23b3425f150e03f9ef,GIF,Fitness
aa9ea0320fea42c388d9666685d4b32b,1879b6981639438ea07eddd735f8d57c,GIF,veganism
eaddee3e3a2347cd9785ab7f2120a293,31cfc138cec04176bd6d79c4cadbb1d4,video,science
9ef39aa260f94e4bb666c6cb97015503,dcc6000cba92472c8bc19e9ca30b475b,GIF,travel
841403fd321b411890b3cc0075d64047,1e6db00c22dd4ae980e395f7a88b18b8,GIF,studying
3724de8aec2f4021a3f1605d551da9d0,72d2587e8fae4626a73d352e6465ba0f,video,culture
2d0926be9a294e6cb342815c70172214,7a85fbc6253f45529f4ac1a332e14fa5,GIF,animals
dcaa509112464d3caed8dcd8e1da69cc,f11e8adfa5504e7aab81dbccd952dff8,photo,science
0491183bbe254108b6678c30d3cdbf50,72d2587e8fae4626a73d352e6465ba0f,audio,veganism
359b93ea446f42028801db238de5de4d,de39bbda66a84c52835a7a104cf7f081,photo,food
0adb9a94210a4e84bca113db9452ff0e,f3eb7ee0778843a096861c399260b17e,video,healthy eating
3c510b3543e24e84a80586c5ebddc4cf,a559688e3f10436fa25e8ad553eacb89,audio,studying
8634626302db4020a2169e54f502f643,bfe23c39f8144282b0f7506cd8295b8a,GIF,travel
3dfdcf9caaa441ea9a7cb3ba09103467,a1a9c0bd785a478fa19e9eb48fae0bd6,GIF,fitness
3529c44bd0f44bd2b6ebbe97d2f7623f,d47fd6cf20fa45fe97a1b8aca043c9a8,photo,studying
45dbce0adbd84c4da4924f5b84850d5c,ed5e167594a8482c8b431b9bb71d0495,video,dogs
c4f59a1e31984968b0629e9fcc41403f,f46eee2a60244046a6f45232366edb87,GIF,veganism
9d94f180947c40f5aa05f1958759b7fc,f8926cfa70364929b5db925c26daea1a,video,science
6ef45d36cd14428cb5cfad2f06371c6e,04e52602e3704a99bfdaf0c1655058da,GIF,cooking
497da46dd5d545b0827af2b75d7bf4c2,7bf3ce80784e42a0b06adbbd1e31a9b7,photo,culture
da527dd04b7d40a29fc689ef7c91fd87,95023c1b04b74efdab3461a4a70bb9d8,GIF,culture
fada69102cc54600808c1e6066f795a6,05782669264e4c14990e14c8dbb13bef,GIF,technology
be85274a28f14c6d9ea17b20d1e0c66f,b6fd2140f8b9498aa07f0dc9986736c6,photo,culture
b1ba68bcfa4c4a3698a14d4a381ef873,20d507a0fdba4c04a30cbd18273accdc,video,animals
1de2f0f961ab43fb91806870824c63c0,084eb1130d874ae5891b2ec7f1e194a8,GIF,science
e18e10e9ed2a494bb215edce890b1df4,57617bf3b7d049cb8d887d8346656397,photo,food
c2d6e707f00e4fa4a193eb36272f58df,c924f935cff845c0b4b75ed2c6cdaac8,GIF,veganism
af7971aa5fd541d3b6c3583704a705a2,a90c3ed27c6447c39da5b10d05f6f9f2,video,healthy eating
6d6cf6a3418744ecaf2891c99b584bcf,8c9c5ee79c8c4842bbd11d1e51da8164,video,veganism
5d8dbd6fcc784f7aa65ccd9dde481dd0,49da0743cb4d4c84b6a2537bbe7256d1,video,healthy eating
c8b044a984274b41bc617b549ab1626c,64b335569ecf4ebc8b4cf829ab1a4881,photo,studying
cd568dd170cf45d6b49510eebff8c920,8dda1a419e574944bd3618c0ac343b13,photo,dogs
72822fb88a404cf1a86a42140b3bf9f3,9a84c667c91347cebe690f847dbfe0db,photo,travel
ef99fd6874fb4c72bc70742ebca14499,3d13e0d3e765406592213f864689b9e0,video,soccer
d147ab3c40974eecb4dc480e4ece801b,95023c1b04b74efdab3461a4a70bb9d8,audio,culture
62681a6cfe824186ba7d0805ae5b95ed,dcc6000cba92472c8bc19e9ca30b475b,audio,Veganism
ec8e2d2557304753a0a2d1ed41e23623,05782669264e4c14990e14c8dbb13bef,video,healthy eating
67f2a15060864cbd8d2146250ccef5a2,5897490a0aaa49c9b63e0da83088e3e0,GIF,cooking
65545cfb59bb4dc1a38b82f268210da2,c76c339388e247b0ac37dc4f2053f5a5,audio,technology
433607b3eeb448b892639805c1b89d55,683d880b3ccf4f4d818296e7a7a884bd,video,education
0f1fce4d78a34e0e8a7bebd5f97c305e,ad9f5c2faa304bafb08456b1a4b63b09,photo,dogs
1000371f77584c44a1bc41fd836b0bcb,2941011bf21444308a14e791ed0805bb,audio,studying
5a5bf39d1bfd43f9b304ea8fbaaa3528,85a3acae0e7149f4a6ee13d3df1f4962,video,studying
8e3896e32f844b479365fb562c9ed730,cf34e8eef50847bcbaa1bcc576e1084d,video,public speaking
de9796a6d19d4c41a9657aa4dcc69fee,98411adfcfc0400daac8e215571ef3f2,audio,technology
e44661890b964cc49d7dd0f27b982548,bbe8f83caf9c4dabb5fa7925822e450d,GIF,education
391a9aa4c04a431e8366712d92267c2b,1bcc3c26e82e40f49d163311c8c1ddf6,video,public speaking
e8edf50636c943a7a6858b9f6467e4f9,92c3576c863442a880056e1ff8c207e8,video,studying
36d36f197a104d7da3aba3f2cbbfcf4a,69532ce21ffe418780420230d115b24e,photo,food
c7066a172e1249d2bb9ec8967051f490,acbac57754c94476af3ca3241a3f4a19,GIF,public speaking
f01ec49c317943bbb1272b1a73f34b06,6e98e5c2b7d74915bb20d01a42d29dee,photo,animals
c6cbd7049d4a4aceb61ee5df74ee83af,4fe420faa1934408bd5d62a020233609,photo,education
eb6fc324f85b4bfbb7120a3eceb0b9d7,76a034b7e1634735a15bb0ff645ca627,GIF,soccer
b6c24086becf4615801ec3c298a8d4e2,5b62e10e3c194d28a57ce9bdc3d6758d,photo,travel
1beefffff261435fa1096fafe46669d4,ade9db41034e4b27befb42117025dab0,photo,public speaking
61e6650c506845759aee4217ef3dbdb1,a81378a558de4631b2b13eca765f68c6,GIF,tennis
3a7f83a0b9f944c1a15d656c4095e732,d0ea9a004ea94c81b16aa20b72f824ea,GIF,soccer
2b6921dee7f24e308feb36bd41becaf0,ed1c744d85614b41b83c7bf554fbca97,audio,travel
6efd3911170549dcaa7b994ce83a7387,80c9ce4846f94f5eb3ca3b698fc2e949,photo,fitness
b56a9e24d0f24599b893c2889a15e1d6,094fbe49da8444459d287fc5f593f5ad,video,veganism
d706b190216c41039107fb7304766d68,cad2d54d95554dfebfcd7a584895a002,video,cooking
61b45c79c23b4bbda4fe0bb3611486c7,a1a9c0bd785a478fa19e9eb48fae0bd6,audio,tennis
2c511a635eb5422f8483c9fcf9a29b55,007a1366a46f40f19ba501245aeaf20f,GIF,technology
edc4a60ab5ba4178b99e9d34ed92599c,57617bf3b7d049cb8d887d8346656397,audio,technology
2cbbdbf6b34e4fbbbdc6904e61f91ce7,7a85fbc6253f45529f4ac1a332e14fa5,photo,animals
e51b00b849d449099f258e9a06e28728,e74edcea5db44412a4ceeb7c5adc314a,video,soccer
509a5fb09bb248099f9018ae007acc94,64b82ed580dc4fbb9dfcd7e037684f0e,video,dogs
f1038e6c52924e20a866675e1637d6b5,13f0db8a152a496fa6e81ed6a90b8788,GIF,soccer
08cc29f3a22d46528f27ff9e0a826289,248a8f9f10ac4786adfbd0c3dd4e4b97,photo,technology
a784c1dde2ab408da0c3226a51d420e1,f86853a2acda4319a50c03f014248042,audio,technology
3a106d1f394249d49358417f33d760c6,6ecb39b18f8544f1b2f30cffcba4d731,photo,Fitness
1830df30c23942878d63fadcb8ced884,68724f58bc4d4ab0a4e160cdd5e95e7d,video,veganism
5bb364a686464cdbb1cf09f4125718d8,d47fd6cf20fa45fe97a1b8aca043c9a8,audio,soccer
dd2f89129b9740cbac5f215f98d4d733,1f81cb5652584f9eab2c4dfb581b44cb,GIF,fitness
de95cdb1a85a40de8467892e2d1481af,8abcf6677be3439f97bb3375a3de366c,video,education
e5f1a4c62b274c8bac9a21bb6ef7c946,d27670c9f85e43e080a7122cba908f10,audio,soccer
6199f5cacc02410da408e034946de162,4baf648a0ad5412d82505a0ff9289fbf,video,animals
9fd8c6fc1c8f4a1d86eccd1c71e044e1,33c1cee6ae564f8e84fcee0a4b7bbf4c,video,public speaking
8490c29c177f4c219d37d509f9287f30,c8145b493841466e9d49a636ce2e7d1f,GIF,tennis
bf8e2e7a7a9047f88dd601f8c6aa32ed,7bf3ce80784e42a0b06adbbd1e31a9b7,video,science
5651450ad33046e6bac9c7c7e7defaf2,bf721d004fa144b1834f4730cd51aefa,photo,animals
7c2e209eacea4246a32d636e2f2cc2c1,4c0558bcb0d944b08b705fc6acb6c362,video,dogs
a72552accad247078bc6dea84a5ab72b,89d6bd9dce6b42e5bb9bece3b338396d,audio,studying
1bbdebad221846fd8afcddd9b4d56d97,c1e0154175084712a22c0370f232a41e,photo,veganism
2eb7feec26a4494984703e66c16536e9,a81df7677da14844b63cfee4c9c7895d,video,tennis
0d3d0a35f80645368733abf1f92763e2,a6f003beb0fd4100b4ccf568a21b9745,GIF,studying
f783f1286f664ef3a1905afc29d17012,cad2d54d95554dfebfcd7a584895a002,GIF,tennis
7bb8c7ec8d6543e8a9fbac01936b18cc,8abcf6677be3439f97bb3375a3de366c,video,cooking
6e418568a2b94d08b24106362c96a7f1,ab9a4d703ae448d6b161c18bd687c3b4,video,food
93c0f4f68c1e453e8df03015b1e76376,91bec0aba8d4421eb333e511c7c6f9a0,video,technology
2893a83731574bbd918fadc93b60480a,3d5f257e556b4e19b127977bc5c4daed,photo,healthy eating
3412357264b74f3db098a2651d882fb2,6178d76aaf2e445393ee02ca23ed3fdc,video,dogs
811834bf44bf47f3ae30e305591177d6,69fcad9e45a94189b7e196b26c57c542,GIF,animals
c6f6e0f39fae4bf9abb3cd7248a51061,3954373b24114d3a98ba03bafc1a1a6d,audio,culture
8f3cce80d5394f8384f6901e524c088e,4291e9a9b4a842e1b032520b16f93888,video,travel
27fffa3e000d4f2993585b0d2280d18c,9664d62891634aae94e0311f3bdb2f11,video,dogs
3c092e34bac94e63a7fa0608fb73914f,054b5d2a7ee349c8912a1cf58389ae60,video,soccer
413101f7ea054df697cf9891245c5ed7,0828c4e163ec4121aa07eefd37954bb9,photo,science
6be333ca779741a59a2de198037d30ed,1e571af51796424cb744a925897d44a3,audio,food
c136ae25d8824e2cb5155727ad2626a5,b841358ad8ff412eb9403a95fd31291b,photo,soccer
bd810ca454cf420eafec0214b870672e,c1e0154175084712a22c0370f232a41e,photo,technology
ba9ce407672c4ceb9c1f59590fd187d0,3eb6dad3c0174e778920fbdea84b0acc,audio,fitness
fa781e01b928401f86f4d42b0a3b55ab,3956593b7739426ab7a5e841c95a5df9,photo,studying
43e53b1271cb4aad9cb78c3572053230,3e65775b36e4495d9c4528127fb3da5f,audio,fitness
a58c963f1bec4eeeb66f60062a9dd96e,da97952a2eba46c4a19e3df3c40a1524,video,dogs
2c0e1f1e1af845b6b8f29714358dd2ad,31ff6616c1dc4b9a80910b4d0cac25b1,audio,Travel
748ab61680664c61b6afd7442545d12a,a8d09ab944c6493cafdf93888822a4b0,audio,veganism
e0fe9c2b0e5f46b3bb4af68bf569e867,542041fbf3614353b0f0442c1585317a,video,science
734c0b94672944efaf9790a3a51a466c,3455a646398f4b16b19a1371cdb2e048,video,travel
43da458b66fe4723996c57dcfad67edf,b0d6f088ee974087aeb14957f24a5f4d,GIF,food
3d02ae44c8f24d2da64c9355a4f46430,18421d976f864d21a7b1dcc57dd8be76,GIF,fitness
7dc268e5b50d428082aae08af75a8a0a,6178d76aaf2e445393ee02ca23ed3fdc,photo,science
d0e55134c60e4a05999cd7697b4901f0,cf34e8eef50847bcbaa1bcc576e1084d,GIF,cooking
ebdf5d369ecc44d7b641d33805709452,948f7e9d49bb4770bc9dcb3fb65cca15,audio,cooking
1429467de8a24292bd46921e8bd87b30,c924f935cff845c0b4b75ed2c6cdaac8,video,public speaking
f0d1b3edf1dd4a09b17ab0f241932fbb,8f41c07fdb4f44f3ae811f99cee047eb,audio,studying
7d459555a8164d20893ca002e0a74ce3,4edc3d1aa7d94db689c3f784d9954172,audio,healthy eating
e6b61eab68794618b189476f27f02fdd,26c6734f42b648f8a08ee1c3a79019d0,audio,science
d16d21cd30c74b1eb50caff5808fe816,5ffd8b51164e47e2885e8b8c46eb63ed,photo,fitness
27ec2b21a7494181b182150a174fc277,bec3a622137349c29d57e0281c34f5cf,GIF,animals
8bcb980c6f36484d974f30b3e8fcc251,0f1f6aefb0944b4db6b6412ebc42c12b,photo,travel
bac281665b8d4f5d88da8c8f9a1c3f5b,f9ecf6a2840243b3bf228cd54394ea02,video,food
1f4660105c874b81be835856481231fb,324e384a99634d1794aa21859ea85062,GIF,soccer
496645a764f74c5694f5a71671cb262e,9a5c1dccd26b4303b4873075e7d34e02,GIF,dogs
d6d4ec49421044de9f90c93dfbeed084,23483ddde43e4c5fa1b75392410aa8d1,video,tennis
229d5badc1e4439c89780efdcdfea4d1,47def05801cc478f9830eaddcccac633,audio,food
80d4bec9644141a2be740eec3e5317ef,41cd692abe3c4acda2c8184586bdc180,video,tennis
457d54ede0bf457480e3561c1bbc4d3e,caa8605b5cd349d0a6802a6e9f3bf0a5,GIF,science
57a8bb62a26442d4a1b06e4c0f859a5e,1add9169fda04da282a04de3bf7ed8ca,audio,cooking
ff883828a610492d86358a777eaad25f,ded166ee173b4a56bc6d464c35709670,photo,education
48a824bfe49543338acfc800947ec2cd,69fcad9e45a94189b7e196b26c57c542,audio,soccer
2019333d2b9c4a22904cd1f1aa9c68bb,98411adfcfc0400daac8e215571ef3f2,GIF,food
88d65e307ca04f32a02045c4cb3d9632,2dd186bb7a284e8099c7f1936afc7b49,audio,travel
057764817b5846d8abf6bf4de7831287,57617bf3b7d049cb8d887d8346656397,audio,travel
323c35ed081f4efd8bd6ce5208ceb0ed,e74edcea5db44412a4ceeb7c5adc314a,GIF,animals
8b51c05ca8a24a6cb031165fb7bac840,66663a0d856f487fa2a2258af21ab3e5,video,dogs
580599564cde46719baf904851731540,1582dac6ebec43eda34a1a202ca72627,audio,education
a429d355898340a4aa2bc3f47acd5499,e8c9386c8fbc40cc9587ccb912ec5c10,photo,veganism
db3e5630f9594ce1a12b02efa655780e,e8849148148249269f28a537630b9ba2,video,animals
c9ab41d257284d94b16a1e9b7af9b21d,95023c1b04b74efdab3461a4a70bb9d8,GIF,veganism
429632b988c04163a7ed4272a04f7838,56b8948a68bd425fb842eabe6bcfacca,audio,Animals
281054fd2b89419192ae98e1bc0ed51b,92423e9a4e8c49bcbe75c819912696ce,video,fitness
ebdf9868075e4fcaa3deef7b2cd8f7a1,163daa388b7748c99af637a6c1447ac2,GIF,education
8ef185a2891041f5a10995c925ebffa0,f46eee2a60244046a6f45232366edb87,photo,public speaking
839d117bc764493099f2a6e4d1b47790,374634b7aead4f2f9303c15f456c4094,GIF,cooking
db672f6f2f5b47bdaed6bfc22188de4d,c834ba1d8a104984aaf27c2eab207076,audio,soccer
037189e318c04f6ca8ccd6b86d679891,bbef3be1172e44bbbe3b013140707ecf,GIF,food
709b527bd26f48f291f83cdd9702e564,b473e898b7b04a57959d484bf4cc4483,video,tennis
909cbb4697894e9d9148890e5c44a9e2,80c36ce22cef4a47a563d2a60a2b1825,audio,animals
ceba816b72ea468287958569a46bb1d6,2941011bf21444308a14e791ed0805bb,video,dogs
1987b43dbcb94ab08634ef3623928e94,0828c4e163ec4121aa07eefd37954bb9,photo,education
1a69604e95a04b918051f3730b7e009b,bcdf88dc2a524716bc24a1b46040c8ce,video,fitness
3e64dfe3e8324352a1709806f64ac507,15cf43928541422b8957a9c0380c11d9,audio,healthy eating
30c8a1412c2e42728854ff5673509652,89572273761e46f38b991689d98aac90,audio,culture
92855e1751734481a3d2b9374263f597,ec2729db9794466e93baa19402e16bef,GIF,fitness
ad08dde0ec5d41efbaed10c6d66028aa,84bd5adb286c429a926d4ea120270825,GIF,technology
d029d393b80b4a5694507645ee42da07,3956593b7739426ab7a5e841c95a5df9,video,healthy eating
4ce7258e377742b4af6add8898c42cfd,f02267ef897443f59a2f03d2c8ec22ca,photo,travel
75747dd78dad4f2f920962765223f3af,4bcb2c2e36ed4d5d90a1440993e9f6d2,photo,fitness
b47f05698d014ac4a4ed0fcc94cb96fc,1add9169fda04da282a04de3bf7ed8ca,audio,studying
b1c4955706234fb28f221453286fedad,54a8e07253694122918943b55e1a4ba2,video,healthy eating
9620972437a8475bb80a03e96a7c33b1,6ecb39b18f8544f1b2f30cffcba4d731,GIF,fitness
bb9dcde755bb4fb8b349caa58fb08823,683d880b3ccf4f4d818296e7a7a884bd,GIF,healthy eating
a0606e08179844f5a57528e82f79dfe3,0c5b0547820a4beb832e3162f74ccfa7,video,veganism
b7a5e38bb9904b8eaaac6cc9ee77f3d9,de050611e92643bbb1ea502d8bd25bfc,video,cooking
3dc03a86f48142fabf43a7bcf3b6572e,3af8d78b55c44ac081617cc3f6ec11c9,audio,fitness
baf5959e204c4acc838c87617e79f448,33a8d02ae2554ffe9d902df8c2914077,GIF,fitness
18a07663ba3c4ff994d3bd533aa853c2,fd7396b2a18b449cb326e676aebd7776,audio,veganism
dc78a87290574a8e9a25a1c407c1b7c9,a6e32004886640e5aaebe159c13fd42a,audio,culture
a3d563e1c7a643679195cddc36863735,6178d76aaf2e445393ee02ca23ed3fdc,audio,healthy eating
350e0d40e036459c9cbe73e003c33cfa,346174b146614cdd8c4766dbd013cd56,photo,technology
0e2169f4b88142d0b99c034b32f83504,f25dc445de4a47ee92a40ff29c56656d,GIF,food
60ca02785ed64669939be6dc2021c07d,317c70d5fe654663afb1150108e0e55c,GIF,technology
13a4d35c761c47a3b25b5cc5825d04f2,1879b6981639438ea07eddd735f8d57c,photo,travel
062cbf2ffc224357889063e7f13fcd37,f9ecf6a2840243b3bf228cd54394ea02,audio,education
45752c15a54c4b0d8fe3f39c40f6c8d9,1932a90486ba4438bb52b7e6516a4019,photo,Education
a3e93c2d7fb44881994dee20ad564924,317c70d5fe654663afb1150108e0e55c,video,public speaking
5b379d75649b426fb4204e0b6e4a0e3d,953cb19057044926adc2057c6f3e3cb4,video,soccer
7fe36d94886747199c6260b077cf5973,5b62e10e3c194d28a57ce9bdc3d6758d,photo,travel
56df89149d42434d96126bb518dd641e,4ce3f87796ea4a3781071176126d9d97,video,fitness
7846133626e24d0cab9afefbe419a8dd,3205ad12726a4b65a15a1a899a9d310b,video,dogs
25934ec056f14fe19bf4d46b1dbb42ad,877ce8ba564f4b869cdc94a93d9a7997,photo,veganism
637f80dd2d704658ba5f8d909b050781,f182f7d5e2024e89832e02205dd2ff02,video,studying
cb807d6e079e417eadfc759df6eddfa2,324e384a99634d1794aa21859ea85062,GIF,veganism
227a8c57e5a046a8999dfcdea42c0905,e69d9ade20e54e31bc705a46556c530f,photo,education
94be0dfba23a44269c3ce4db1fd914b5,9d0a0b94b08140d7bf566f8f4750dbaf,video,public speaking
19179d5749504a9887fa98f824551a6f,69527334c36247df87fc5e2b5e2605e5,photo,education
3926740fe4f742299aade435149d0d2f,ded166ee173b4a56bc6d464c35709670,photo,science
590873fce9214396a173a43451675afc,e09aa6253db749bdbe099aaa0c86a8bf,GIF,studying
b4c7192899f04f1ebdff3d99c16113ac,bf721d004fa144b1834f4730cd51aefa,video,travel
c7b0250718a2416991f14fc727c8bc03,89d6bd9dce6b42e5bb9bece3b338396d,GIF,dogs
70b0202fcd5842feacd97b2f8cf9e7c6,c64c50046ab54faa9fcd8039fe57799d,video,cooking
2677e7fa4c0e44c59d4c66615a42e86f,5d04455ba95e40d8bcd48c485777c47f,photo,dogs
4b10b6a2d8ad4f48835ae0ec47e7e72c,bf721d004fa144b1834f4730cd51aefa,photo,education
990ad477b9eb4ea69ec83f941f53b758,122c3e030a964d629d1727f8e2b6ba58,audio,animals
2240bbdedb674d73b885f0117b4b2080,92c3576c863442a880056e1ff8c207e8,video,food
8338222cc31f40f3883c44125f36bae8,e8493c327f6f4e57a691cf0df6f015c9,video,education
59bb59ce776b4d2885eec0d71c690b6a,de050611e92643bbb1ea502d8bd25bfc,audio,animals
bb3901bda3d94f458b0c0548c36385d2,1d8dfb6a330c4eb9a603364f207c6e57,audio,fitness
b814490fff174f988fb0cade9c2d8e61,24789387968b425a883614e243cda16c,GIF,culture
72878c1138cc4442bc817eeef47c531c,1ebc46faedd34decbb45c124daf83512,GIF,animals
b50871e0183e4a1d884bf20fb271041b,7be6e8bc39b04035ac931df8fd7e1928,photo,cooking
5163acf99bde4f0981e2d8711e774360,caa8605b5cd349d0a6802a6e9f3bf0a5,audio,healthy eating
802a853330514e2cad307751ece5d514,600118fae6f44d74aeb6936abbbf38a1,audio,food
8f12f84675284516aa7cf937d868c904,f4ed8f9c5eac4d77a206c60afda2921a,GIF,culture
35489ad9c3b54fcda6c09f2c667c55a8,d9aab962e9644afd83eeabda0865da67,photo,studying
636e6499b6704cd4a8292c4c9e07db2a,4c731e4803774d7db4c8b2174b774ed8,photo,soccer
2363df47ee8b433dbbfc34d5ac57e2aa,b473e898b7b04a57959d484bf4cc4483,audio,travel
ac120787f331497f87337cd63dfd36b6,eb74e88c1bf5402f987e90a5977ae1e3,GIF,culture
9ec9b340df2d472f9a7f80b4790788e6,af647535dae84ca39203bf4bfc607ffe,photo,travel
5c38166c83054227ad54bad36df2a57a,56e65b5be1b44f67b596e75bf103783b,video,Fitness
da8f725867574a7e892ea16b925ef83b,37867a23d07b49908fa8d694cf7d3b1b,photo,cooking
e3c375985a41471ca65be0e1bef2f3ec,683d880b3ccf4f4d818296e7a7a884bd,audio,tennis
ecbba40a93f2470ab565938f61f527a7,6eb62858f6f34846805452df483979de,audio,public speaking
0580565887444cc4825dcbfed0ecea7c,d81dc9d9a61440f19dd47a4a05bac243,photo,technology
962e5969cd654670a2aeb0266908426b,13f0db8a152a496fa6e81ed6a90b8788,GIF,studying
6fc7f7220a934420837609d6536ecef8,db392b866ba54a9b933aa2553488bb62,GIF,fitness
1601a6f14b9444edb9a16f64a1a82e9a,eff1e86a8ede4a41818b9442e3181ee3,GIF,fitness
e611ee647ada428daa3794c8c0782a91,87026ce7fd0b4b579126d4bae2c1ee0e,GIF,cooking
e96d9fcbb5be4382b8096315dbe6f89a,241d5c6e06c7491bb23ef8d6ddc0240a,photo,tennis
a7a7c90915cb4719835bcc9f835feb50,48bed4d70329472c96d9b23a103eb834,GIF,animals
770999571551435eb386704d8b91a46e,15cf43928541422b8957a9c0380c11d9,audio,cooking
760e026f83734aa4acb503eb102fc733,f02267ef897443f59a2f03d2c8ec22ca,audio,food
5c7fa1529628471db71584e15c4b5d38,40e643fb369c4ecbbeb7810114f331fa,audio,tennis
25948d3945494eadbe716a571bd56fe1,7a85fbc6253f45529f4ac1a332e14fa5,audio,science
d03efe68598648c4876793b8f5881004,ddd079a800dd4aab955111961171db16,GIF,animals
678dd299afc64e35890d38a016cfdeff,ce7c338ccad4408f895b510ca73a388b,video,public speaking
4bdd31e02f594262bcbe546678a3d203,d51a34038bab4d88af4fa429c6d8c168,photo,healthy eating
11b96207c1c54083948d2942684aae0d,3205ad12726a4b65a15a1a899a9d310b,photo,studying
51a26a1069734882aa8898b53978ce01,d55f331496cc4a5db650f43f094cd3c3,audio,veganism
693b5f9152b14464916c91adccbec996,3663e3e63d5c4ed9a6af1e680ec5f34b,photo,culture
4898f7e114314e9ca444dbea02d58f85,fdbaec82bc9847b88fe64aec7524e8e3,GIF,food
8ea001b0f13b420fb0f20cc35bdcd152,40f153509ac34b6c83c351cc7945dd01,video,studying
42afb9806f2740d3962ebff8eada090f,3a80467c0f1f49cab9041938ea2177a9,GIF,culture
70a9e79fca7b48e1b521c1d16cb2e36d,b3a846395a4f4c978ea82ac49882e27a,GIF,education
7dfe344f172b4d1da9a5d63e7a097642,5a1ab9a3198340219557d3700a276746,GIF,culture
581634a614c74c0a8c7f34238e58cf6a,78703a698edc458fb0fc85d96501dcdc,GIF,veganism
1e773c55ec7e47f2916d98d0b778a048,bfe23c39f8144282b0f7506cd8295b8a,photo,food
c63235b6aad742ff96ba978e47a6c5fc,54729154eb5c413a8837887365057910,GIF,tennis
194f1ad743bf4cdda01be6947df47403,e206e31b5f854964b6ead7ee5324def1,GIF,tennis
85e013ce34744c9aa4ea7b726a29baae,57617bf3b7d049cb8d887d8346656397,GIF,animals
212b7926c74345d985f263e0e8f85208,2941011bf21444308a14e791ed0805bb,photo,dogs
cb14a57b9a8e469495165a7d2ec41438,e2377b94f06a49eda266377c4b07e980,GIF,soccer
f5d6cb3a923b45fb857a7250b679625e,7918d46509534f209e28539e74c82e2f,video,travel
9a5951a5a36f404ea746f6023c160fc0,48bed4d70329472c96d9b23a103eb834,GIF,science
26ea44660d88482aafabe502beb4a316,79acce4bb9914a68b762d496686a4f32,video,Fitness
9ee8836daf4b46ad88694e0b1dedff7d,90e2caab9daa4bf08104c25e6c70c59d,audio,tennis
b81f446ebe9b4fff8faf7732c6306c75,d1a89d237d1749499e1a637317141f3d,audio,cooking
d72ea14e16fb4e2dacf159a29dfa21df,33c1cee6ae564f8e84fcee0a4b7bbf4c,audio,public speaking
a059c1106fab4a4f9482eaf2c269911e,d0ea9a004ea94c81b16aa20b72f824ea,GIF,food
b90bb1f29dbf4802a0e2103dac50d272,72f7f84c5bcc438081cd3378ce0a1b32,video,fitness
e501d99e9e524c26b33aedba700be4e7,89572273761e46f38b991689d98aac90,GIF,cooking
31f3802afe3d441c8732102bd39f6db5,1f7e22c8558a4b6fa04fb219593f029e,audio,science
4b582733141e488f8d023c4b149815a5,4c731e4803774d7db4c8b2174b774ed8,photo,fitness
4e659bd844b641a3893cc528474a29c9,e8849148148249269f28a537630b9ba2,video,education
8866b759c55c4fd397538a69265c481e,2129de92ee91425fa85407c553ee0b74,video,science
915505a16d75489482000f088c19431b,a710ab29b72a42c8a79b42e63d4a8bfd,video,cooking
eec5dae8e4d04b1580a9ac55352cb5ca,cbc99939e6a642699819bffce6f38751,GIF,cooking
3ce1063a2277428597b09bd53a941cd7,163daa388b7748c99af637a6c1447ac2,GIF,travel
42d062ec21074fbe9a772e00c67a7d63,168e6d970b9c45d0ba57cabc8c60d428,GIF,culture
1089b539bbb64ef7ba3ea15af2bc5f42,e2377b94f06a49eda266377c4b07e980,photo,food
2d10f5b0c590429f8b6852c239617d26,7adafb3c7c7c492bbe5b5ddd9ff1316a,GIF,technology
e75a100d18a947a595541843ed350dc9,b4a6b3acb6af45258d597afc00ff279d,audio,cooking
cb0bd265610e4d5fbc001732f58562dc,b6fd2140f8b9498aa07f0dc9986736c6,GIF,science
b234449176af4b2cb569e9af85298b30,49da0743cb4d4c84b6a2537bbe7256d1,video,culture
178f85a7c2d1412794d230adf96ae7fd,ac4e6ee0d1bd4e6b93557567b3e3ec5e,photo,science
89cf06bce9214cfdbd16d071757d90a2,b0c22f82b8824394bf276dfadf26e5c2,video,animals
a39e8a8663e34dcc85614a0b7006df53,939dbcf5024b4e639e7e2f15c8b346ba,video,technology
16fb5dcb43494831acf28c116ad7dae5,330ded4bdb65485a80a46b3bffd33067,audio,technology
0d5eb9fd879d4716aebc840f7b1b7e9f,3455a646398f4b16b19a1371cdb2e048,GIF,dogs
e4827a5cc6044aadb7edb396b3601b74,85503a94e733486e989e12ff9b59f2d3,photo,education
abecd821ad3d43b0a550aadd9d267072,77908afaeff649a9b04204fff799a0ff,video,tennis
0289b7bcbc954f1d83fe9ca662194158,084eb1130d874ae5891b2ec7f1e194a8,audio,tennis
3a7b85dd717e44608144498fdbc9380c,808f5b0d17e344e1b58e7f35ebabaff2,video,education
03e51c25cba9471bb627f15550b83fca,b9bcd994f0004f6b87fccaae08acfaa1,GIF,veganism
daeddfccc0304674831756a23ab81799,e69d9ade20e54e31bc705a46556c530f,audio,animals
71246f1e0b644922a6aec86c446837be,2ab641a86ad44d1a8511d87ff5346773,video,healthy eating
41bc0418db4b48b4ada618eda999cd25,31cfc138cec04176bd6d79c4cadbb1d4,video,travel
31d142d945574613bce5cfe63cd0a3cf,31cfc138cec04176bd6d79c4cadbb1d4,photo,soccer
77f0131da06e40d68f6da64c0491d1b5,4027aa314bda4e1d92f749de962e8da9,audio,healthy eating
ad5ddd13b8ea4174ad71da1663c7f959,15c2ba5beeb64d9ba0e27d5461a21c0a,video,Technology
447954afc2c04546881c3ba1cb104209,0d47a133383b4a9c976c697ac65ccb19,audio,tennis
a8d3e5b87838477c82ce4c90029e56ce,425b702104094358af392bff14197d0a,photo,public speaking
a412c4fa42c94bd8a2d71ad1dcbe9615,0871bb313d6e4e4cab1995a262cac0d4,video,dogs
3b436c1972fe429a80dd88d24ef549d1,31ff6616c1dc4b9a80910b4d0cac25b1,video,soccer
0c042b6c725e4591a666cf32c5ec7cc8,7918d46509534f209e28539e74c82e2f,audio,public speaking
dfdf6d34e60b4d2199734bf07769be78,f7785ec173834815820680de7c05fdf9,photo,public speaking
cebae43b4f77468986e066fb107d5eef,4c0558bcb0d944b08b705fc6acb6c362,GIF,culture
7e2e14e279eb41d08d5feba20460f049,3efc3621873a4b80a0cb27e531d600be,photo,dogs
34cb120b853b47888978a3544449136b,4c0558bcb0d944b08b705fc6acb6c362,photo,food
e4fd43f5c0cb47cdbc411e07a8081323,d9aab962e9644afd83eeabda0865da67,GIF,soccer
e4306fd4391c40168b5f98594bb647a0,ef629f00391d4a79af7477a9afdbbd41,audio,healthy eating
697af362e84b4429b4ea4123c6ab44ba,3f218ab6a2884ee8affc3d02a9cbff5f,video,science
8f640e2f27bc46cca43af750e357fc35,89d6bd9dce6b42e5bb9bece3b338396d,video,soccer
f2143553d9cd4d8d827698557a0054af,80e03bc0fc8f475ba4dd870844b7a313,photo,cooking
f4c8e6bbe28241f3a000bbabae7dbf04,1ebc46faedd34decbb45c124daf83512,audio,technology
ad8bc9be50a3491ab24049b8f573238e,b3e7332836384913b7ae3a6a64c1cd62,GIF,soccer
54acd8431e094b30a80ab9e0295ff269,94bf7864a52e405ea7299702bf79c234,GIF,tennis
972b6e82421f43f6905c2168933de18f,4bcb2c2e36ed4d5d90a1440993e9f6d2,video,animals
f6c9e663620c4d1894947eea83fbf4b7,df1e7940d51440aaaf3ae742792c4b5e,audio,animals
78c7c5a75de4469e846049e8e491bde6,c3988ef27e284db78981c69f61a3bfce,GIF,public speaking
d75016e9981747e7a2f9dbfae392d3d6,9210e8ddd2a24ea78cbdf37e1e8efea5,GIF,culture
567ddacaf9aa4e53b9b7b745a1ac0c95,e8c9386c8fbc40cc9587ccb912ec5c10,video,culture
46bd9a526547457f87fa0e434e5bc61c,b94803794b96412c8dca96fff9ae81a3,photo,fitness
bc1f22dad7b249d8a6f11132776b4b18,20d507a0fdba4c04a30cbd18273accdc,photo,culture
501b2f88999b4ad9b2f54b9c36a31259,b726d35b63454ed98431fc75e38ba179,photo,cooking
df15da28c0384d0ca63aeac77f650ee3,168e6d970b9c45d0ba57cabc8c60d428,audio,tennis
0da2523facc44687984445eaa5e90c65,a90c3ed27c6447c39da5b10d05f6f9f2,video,technology
bc9cc9ed3e904fefa1e8d54b31e88f30,80c9ce4846f94f5eb3ca3b698fc2e949,photo,healthy eating
b6ecb09ea7064589bb7570cb1cc590eb,e32722f469b14affb13b8928ea08fd6a,photo,culture
23a1f2572f174e67aec1626c77d73216,af647535dae84ca39203bf4bfc607ffe,GIF,studying
02ba5af1784a44ccae3a14833c4a2237,cd5fd7db871541b78f4a11a65b638d8e,video,healthy eating
c84f903e32ae4ce1b66bd876439fccf5,b473e898b7b04a57959d484bf4cc4483,audio,healthy eating
86f4e4df636a48f5bb6603ea4fd00214,b1ceae0c016d421fa6f0488a7857f9f6,photo,veganism
f04de5dae42f4d89a79a3dff16f7d422,289044c8e74c4814898ab3b5eba6e46e,video,studying
b27bfcfe64df499eb60ff93d2200c589,8af596f3c67c4f40a0cce258e730a8f5,video,Soccer
91f7585bc756475b9f21877d7c48b579,392bf6a1dd7348a59fd9431749f2a8ef,photo,soccer
9a2c328f16aa490c8ca2c7deaa90db3f,330ded4bdb65485a80a46b3bffd33067,photo,culture
800f467b53a34d20934251fe4fa36ebb,63e07d147bed44b89cf04a7e9b2a99ea,GIF,food
b07a22987c0349b3a0a6c65333847598,ad4bd87855e7487ca4db470b23bbd832,GIF,culture
38a50d445a3d41c1bf4658638def9442,a8d09ab944c6493cafdf93888822a4b0,video,fitness
0d1654855aa64b45a18a9449293727a2,a1a9c0bd785a478fa19e9eb48fae0bd6,GIF,technology
45d2d284183045a38c9d95f8bdec3202,3c45659fe24d4b0d82100b7704ea1ac6,audio,studying
2dcf2359f36646a48ac014229d056bb3,85eca06eb8db4fd9b083da47572c40b2,audio,studying
f7c26d94b7c645a0b882354d8d89c2af,7d624010a0e7455ba60648c5c467dd80,photo,science
b8368fca8fe34768beed5056cff63c23,48e261785cdd45689990d3bc5937910b,audio,technology
29d7781c9302426991f3c23afb33467a,3ae50cc339cc440a8e313215011f2762,video,public speaking
1517abf667ed47e19b9b7e79a23a4d22,3663e3e63d5c4ed9a6af1e680ec5f34b,photo,education
084a66560c5543a7a34b7e5c5279a56d,8c9c5ee79c8c4842bbd11d1e51da8164,video,healthy eating
4df372b3ed9d41efb33db576ec383dfc,47def05801cc478f9830eaddcccac633,audio,dogs
93081b1a4446438aa0d7fbcedc3c992d,3efc3621873a4b80a0cb27e531d600be,GIF,soccer
f361cc9964f04a7cad49945ff01abaa6,40f153509ac34b6c83c351cc7945dd01,photo,dogs
fc346df4d1654ed08d43a6896daf908e,4bcb2c2e36ed4d5d90a1440993e9f6d2,video,public speaking
aa6c966874554a4c9915f7d4cb56c8c6,987b33de730748c1b34a6c6806d7af67,photo,animals
64b9d0862fd446d0a19d848572029de1,e57c1d5311ce4df6bb4b85647776fd6d,audio,healthy eating
def0559c73c248f9b85d0c807659207f,8dda1a419e574944bd3618c0ac343b13,audio,animals
362bdbf75b754ae58f3779ef06b6e8e8,db0066e183cc43f3990b983010aa5370,GIF,technology
77b494772f3c455ab8f109ec2e553174,dcc6000cba92472c8bc19e9ca30b475b,video,cooking
1413f5824261403793bd7356b0e9e017,2dd186bb7a284e8099c7f1936afc7b49,photo,veganism
d4813cf887d5421e81f7c5d43c25c62a,54a8e07253694122918943b55e1a4ba2,GIF,technology
b48710806bb7405682a9d8015d7b76e8,5897490a0aaa49c9b63e0da83088e3e0,GIF,education
b4d8b8edd53849d2a1cb25548045bcf1,9be473d9cfdf4954bae209b0555a8ebb,video,healthy eating
9522ddea8e074a2aa00125e4a534b8f6,33a8d02ae2554ffe9d902df8c2914077,GIF,technology
8477eb4908fd44c3a238a13ee8cc5be8,95f4bf3f7eb7429a9f480f7cbdf0beaa,audio,food
b85e1b0d10184a65a7094ac5323e06d9,3efc3621873a4b80a0cb27e531d600be,video,fitness
d826807dbe79402ea55abaf08df8212d,1f81cb5652584f9eab2c4dfb581b44cb,GIF,science
fbd8f70dd62d42e895089f5815ab578c,a559688e3f10436fa25e8ad553eacb89,video,education
6dbd153c5b694ffba8696285fb0c764d,de39bbda66a84c52835a7a104cf7f081,audio,technology
9108109ec52145289d904c804cbb866d,1add9169fda04da282a04de3bf7ed8ca,audio,veganism
fea9077f2fe743bdaaefdc2619988d94,69527334c36247df87fc5e2b5e2605e5,photo,culture
4b00c81e66dd45bd9fb5a9d2b37b62bf,b0c22f82b8824394bf276dfadf26e5c2,photo,Animals
88cbf75c79f042cb8733af670f39d6e0,b473e898b7b04a57959d484bf4cc4483,audio,animals
58e8f463aee346bb81bba49ed8de8b04,b7b551bd8cdd44f3aef829bf82b51535,GIF,technology
218838d852f44608a1bad8988cc3d029,d71363d5646844b0b64194c4776bce98,video,food
81d2e41e39c241dabea4a6b46daa3f6f,5538013113c64a5c8826ead0ea8895cc,video,science
197dafda42bd4a0c93b12ec8bb0214f6,47def05801cc478f9830eaddcccac633,audio,travel
d288a4cb63614d4b925fa0bf2e3350ec,9e9cf8e7673147dabc0f3a487e835586,GIF,technology
ac63258d9d7d4167934e48b3f3c43fa9,084eb1130d874ae5891b2ec7f1e194a8,audio,tennis
96d90aa6a75b4a75956545f6cc8c9e98,286516cfd23640de8d287d0bd173125d,video,public speaking
d200b97ef661450280d11e458816d558,23cc47ffe5cd4915828d258aefce5a14,audio,science
7f9423ac89b44a9a974776e8dd533e81,3a80467c0f1f49cab9041938ea2177a9,video,education
6b09861c712e46e6a2a572e4b3878767,4fe1900d5e7841a388ed18e6889c6c77,photo,studying
4c009116c94a463383fb956565358565,6fd58dea315a4ab28023424a6ff455cd,photo,soccer
34cd13f55fa945fead8e0135b67b558d,9ed68c7013fd4346808f2665943c46d6,photo,tennis
763560f8e3c44deca40c411c22d05c7b,571d7193a3e64909b25ce891fc126f31,photo,food
21bc508cdd964fb1b8a1a92bef9fa666,10f311c3f54742608c0ea155008b7936,photo,animals
5911afa42af54e7eb6e3e3b985597aa9,f5d9a26e986d4d8ea1c969493fb64736,audio,dogs
9531f7f8d0cc4e429cbb94d93692653f,72d2587e8fae4626a73d352e6465ba0f,photo,soccer
3cec7ac2f9b64e4cb39263c59c3621f2,5b62e10e3c194d28a57ce9bdc3d6758d,GIF,healthy eating
09bb0893a05b49bc95ec1e158577bf13,11f207c2011347e5aa9adf2c7b91ac75,photo,healthy eating
c323d47830a24140a2ba935a37b2ec10,f0ef81ec85b14475ae60aa7d373088aa,GIF,cooking
e409d5bea02d46889869eb940fe1e133,002cd82410f2447c8d1c940325a1cdf4,audio,public speaking
bd656a4009c142198210e667136e3734,132b140716fa48f881123e426974bbb7,GIF,culture
28fbf4cfc354418c8672b7f2fee75b00,1bcc3c26e82e40f49d163311c8c1ddf6,photo,culture
afe1fed5563945c789f8ce9d1078c910,b726d35b63454ed98431fc75e38ba179,audio,cooking
af6c5966dfe7460b985362ed9f18aed4,0d47a133383b4a9c976c697ac65ccb19,photo,technology
5ecad91d3e8f4a9e9473c3db5f2ab72f,cbc99939e6a642699819bffce6f38751,audio,public speaking
2b7f2d2b2a0b4d33ada9ee9629742dff,72f7f84c5bcc438081cd3378ce0a1b32,photo,healthy eating
57528f917b0d4120acaf82ee87f6df7d,b1ceae0c016d421fa6f0488a7857f9f6,video,education
a82b825008aa47a597c419f30f236179,acfcd174178c4af381185be702fb80cf,audio,culture
bde826637be3453dafc2539202df27c3,7adafb3c7c7c492bbe5b5ddd9ff1316a,video,tennis
4e7535a745474da5952e607442ebed79,a81378a558de4631b2b13eca765f68c6,GIF,dogs
5444a751c58b456a9fc91e4f292f2920,b596e7d8dd3f41258b994bf2283657cd,GIF,cooking
4c598198bd8b4b868440b8ecba62abe7,9be473d9cfdf4954bae209b0555a8ebb,photo,technology
1157961e120e4b2d8fb2705433ed9918,2129de92ee91425fa85407c553ee0b74,video,veganism
e0c5ae74b3794d34a7ae824daea8d682,7240bf9b74244c04aab11d7aa39964d9,audio,Soccer
1f0ed2b88531416fb694a40a63f378a0,1932a90486ba4438bb52b7e6516a4019,photo,animals
65304022f92548f09dfc436578f22c77,374634b7aead4f2f9303c15f456c4094,audio,soccer
754eb96d65d0416baec44ba35836157d,0ce03276e5384c96bcae9844fb0628ac,GIF,tennis
c0ea9b69639e42fe8aa567f46036a17c,69f2735beee64fc1a934b31c20beb780,photo,animals
476e3ce032914c77b3a3deabee114efc,3eb6dad3c0174e778920fbdea84b0acc,audio,healthy eating
83d08b296cdc436c89a620c3d60f7e73,f11e8adfa5504e7aab81dbccd952dff8,GIF,soccer
ae909545786e40899ef361c3c9fd3efd,9e9cf8e7673147dabc0f3a487e835586,video,education
f5068d8ad4ba49ee8f30716c1ec57e04,78703a698edc458fb0fc85d96501dcdc,GIF,tennis
8de4028d9af34dc0a4d64d9a56eae3c5,79acce4bb9914a68b762d496686a4f32,audio,technology
b9bfb48fa6b64c15869a1acceea04fca,f25dc445de4a47ee92a40ff29c56656d,video,soccer
3ac5929e9d684ec5ba6fa018d3d4da41,9be473d9cfdf4954bae209b0555a8ebb,video,tennis
674507f9c555487689c7c06b6db561c0,4c731e4803774d7db4c8b2174b774ed8,audio,animals
e61934230d304439884aea22fea68522,b1954833b6a54c6c970980686b7768c4,video,dogs
dd7069e3d0ad4599b159032267fd5008,168e6d970b9c45d0ba57cabc8c60d428,photo,public speaking
732e236ff06342b6b5c124938385a126,b596e7d8dd3f41258b994bf2283657cd,audio,education
aeff2a7a2cc8407a8557fa4e96b2425a,f02267ef897443f59a2f03d2c8ec22ca,photo,tennis
6fd589e853ab4345896af428a92fcbe6,561b08d610844115933ddb3e60edfd8b,video,education
1c77e4740cc640acb48bcbc511bffc77,f977560243ab4d54ad937c9a489879bc,video,healthy eating
bcd3702fc27e48ce889b63f765f498ef,e32722f469b14affb13b8928ea08fd6a,GIF,education
10baeb435bb249df9644f91a3c77725a,49f49bcf17fe4edd990d16c3d1df931b,photo,food
f24f469f53f14901b6c518827ae0a103,6eb62858f6f34846805452df483979de,photo,culture
2ea5611ff6e046969153cda8d2b9a2a3,568e7c6fb1e94a85897caaaaa0ce8832,photo,technology
06a70268f59a44b48ccc6c8e6625a491,9a5c1dccd26b4303b4873075e7d34e02,video,tennis
7f5299bfae574c01a84cf0c6bc7a5b5f,6fd58dea315a4ab28023424a6ff455cd,audio,animals
ec202582a5b24ea2992c8a1ca8b705d0,72d2587e8fae4626a73d352e6465ba0f,photo,food
d70f66c4627a4416b1ad51b5ccc8cf1d,b76ebf8d3f044e7faec822575f68d9e2,GIF,healthy eating
ed00f2a056a141f9abadbdcec9c0f610,a1a9c0bd785a478fa19e9eb48fae0bd6,video,public speaking
b3562ae0929b46a5898989e4ac3d1f7c,e8493c327f6f4e57a691cf0df6f015c9,photo,public speaking
2e84726ae69f44e8ac0fc4a31516e342,19fa2bc296ab45b699de1995c2bee330,video,dogs
dd5bd710bb81464ea7980291b385e883,fe15963d0a7742479bc604e146b826b2,photo,healthy eating
a38cf15e6a1d42e8bee70eeb456c700b,30be215659d1451ebeea1a3690200a2b,video,travel
4d510edc7c084524a14df36f3b710020,92b87fa5f27143e0af6684fac21052e6,GIF,fitness
4fd0ef9a008d4b619a784b0257281140,f5d9a26e986d4d8ea1c969493fb64736,audio,technology
6796d3e9ee9847cbb05790cfaf6ebcbb,64b82ed580dc4fbb9dfcd7e037684f0e,audio,technology
7689891640244c32909bdd240879d76a,24789387968b425a883614e243cda16c,GIF,Animals
8204e4bdc5444a18ac0d6f5289957cdf,8f41c07fdb4f44f3ae811f99cee047eb,photo,dogs
301cfd143e4f4058b253c591ef150888,cf34e8eef50847bcbaa1bcc576e1084d,audio,veganism
56a3156c41e04b358e6d947961b3af5b,6978b891dea242178bc847d5aa25e743,photo,fitness
fd0604487b3e4626b3ca44bfe764e26f,9b6d35f95e154cd0a8d7b1f3340e02c4,photo,cooking
60223ac72fa44bba81561d90b367e21a,163daa388b7748c99af637a6c1447ac2,photo,public speaking
74c85e375017462ebee22769db7a17c1,41b0ee0928684c4ba22db533a7fa46af,photo,healthy eating
b400ea0c43f04307a3b278e5784d69be,7f8ef27a73f44bc1aa62f8aaea817294,audio,fitness
79f1b9b4b21b4abd802a811540cbc845,007a1366a46f40f19ba501245aeaf20f,audio,travel
af373863f9df4330b423d2b802b30d6e,b473e898b7b04a57959d484bf4cc4483,video,food
6380e98207ac4d21bd23cec0bcfa1ff9,1582dac6ebec43eda34a1a202ca72627,photo,soccer
b13bec8c44694cc886507057eb95d3ee,f25dc445de4a47ee92a40ff29c56656d,GIF,travel
43450a121e4c4a17a8469d8768984051,bbef3be1172e44bbbe3b013140707ecf,video,animals
7913b30d19fd49008a68ce141192b3ec,5d454588283d459d915dc48a2cb4c27f,audio,cooking
c5e2d73394b9425985e86fb7a95a1887,bfe23c39f8144282b0f7506cd8295b8a,audio,tennis
e3cd009528c94f10b04c77b4e38bb85a,104c4dcb70d54d87b5b58b67205891fe,GIF,technology
b7983f99c4c7455ba120b144101449ad,f4ed8f9c5eac4d77a206c60afda2921a,audio,dogs
f2f7e3435e8f4ef3b6934261971c2ee7,b473e898b7b04a57959d484bf4cc4483,GIF,tennis
a1d33ddd1a6c4dc2afe1bcf632cf0ce4,bcdf88dc2a524716bc24a1b46040c8ce,video,food
c82d3a993d11407d96489f9560f40d7f,17bc2431754a46e881e232820d3fc612,photo,travel
cad48d103ad34bf0bee5330783eb8532,6178d76aaf2e445393ee02ca23ed3fdc,photo,soccer
52995b7c6f2d469ca331596323e6ad67,23483ddde43e4c5fa1b75392410aa8d1,audio,science
888660b07dd84983858a101cd03d392b,77908afaeff649a9b04204fff799a0ff,video,science
14ebfb598d364857b8e2b6d2fb3b243d,1ee25417364842209b8ffc82d1ef450c,GIF,studying
6ccf94b4f5494d17a1d03bf7656bce81,d56c9d877d564a5ea0e8bbc4ddc3242c,video,animals
145ed25961514021bc13a0b5482e5bd8,6f2e20b45d7f4345b5a171a768ab8050,photo,technology
19f998c4270b489dbea6ae161d301923,330ded4bdb65485a80a46b3bffd33067,GIF,travel
2073855cfab241eead15d4269b2ac4bd,6053d7e547da41568b7cdacf23a0e660,audio,education
3af75639bdaf4461b630d212e7fb4f30,11f207c2011347e5aa9adf2c7b91ac75,audio,education
12a7140a6fe741e2b2b475d913fcca1e,9fbae7e665a947538db95f7855b6a540,GIF,studying
73fde78d790844068377747873ecd29a,2ef20e998be84ab6a81783991f7a0fa3,video,studying
d6c98c19573347fd9b03e4574fbe4220,9fb4ce88fac1406c85441a899cee7aaf,photo,travel
0ce7392d5c204ffaa42f767f51e9b466,f86853a2acda4319a50c03f014248042,GIF,travel
0646f8f9e5584893bb282228eb0c9323,13f0db8a152a496fa6e81ed6a90b8788,audio,fitness
ed28489e90b04daaa1fa22170cdc89d5,2bd9c167e06c47c1a9783403d6724606,audio,veganism
6ddba21acc514bbdb38d02df5cec5f68,cfe504817c5048fa97fa89b6f137e1bd,audio,Culture
d90a34f160ed4a79b7bffd22efa12e4c,b3e7332836384913b7ae3a6a64c1cd62,photo,travel
7286f9d27c834c7bbc016f56eb0235de,0a1cde5779ab4c61b6641d3b290b43cf,video,travel
69ce055ce0bd46c5b856bf2254d1c490,2ab641a86ad44d1a8511d87ff5346773,GIF,healthy eating
2d7084fbb4574813829f73911025eeaa,bfe23c39f8144282b0f7506cd8295b8a,GIF,cooking
ab07c99556e6462c9325bd4a2ffd8c39,5538013113c64a5c8826ead0ea8895cc,GIF,tennis
8a5dddcfdda64715a80410d98cbf8fdc,2c32ac39926d4473801f5733222ad74f,video,education
360df5a181184972a5d027033dba1f1c,5538013113c64a5c8826ead0ea8895cc,video,fitness
985f4b4fde404a4ea09001e100be42e9,0ce03276e5384c96bcae9844fb0628ac,GIF,travel
585c17a5df964a6db144a499e0469546,acbac57754c94476af3ca3241a3f4a19,GIF,healthy eating
8ed94c6dbcb3460caa5f69199d2495e5,392bf6a1dd7348a59fd9431749f2a8ef,photo,soccer
2c5a6a947291409bba32ba34c5ad7c0e,7be6e8bc39b04035ac931df8fd7e1928,photo,fitness
01aff5ec2aa8412e99ec526f0f9a6d5e,6fb7ead671f34f5794bd18111fbc5e1a,video,fitness
853e37de5ba2447aa0dda1b4407e5ec4,87026ce7fd0b4b579126d4bae2c1ee0e,photo,travel
41e6d775b5ca4d6c8f5066ac3c92a300,7240bf9b74244c04aab11d7aa39964d9,photo,veganism
a8e72f75bebc42b4a3c7deb8a2412878,92423e9a4e8c49bcbe75c819912696ce,audio,technology
de61a447bbf0477e974371031d59bbf8,18421d976f864d21a7b1dcc57dd8be76,GIF,studying
bceb7f2d6afe45fc88b14d4c8f597cf8,94bf7864a52e405ea7299702bf79c234,GIF,technology
6ee96d2ea1104e43ab89b5577b7b3dab,132b140716fa48f881123e426974bbb7,GIF,culture
b014a42bc4694c26b4aa256f4d3d5072,6ecb39b18f8544f1b2f30cffcba4d731,GIF,culture
3210c7c6e7a24ae3b69ba111b359c56d,225f147b095140a896fb2ceba9f3153a,video,veganism
9bc0926879e84402ba22ffd1e45fa66d,d97f6964a2d44d558f3d5b4aac2f569f,GIF,travel
12b89b4e6770489ab7c3812de3d61f20,8f3d5674544d4f70b4c17b9d93371855,photo,education
f7b57d86228b4777be51dde8702f7b4c,08c64787e47b4a7fb00b5590eb5fbc3a,GIF,cooking
bc604b62adbc4c93a2ae602160714d1c,95f4bf3f7eb7429a9f480f7cbdf0beaa,photo,cooking
e4487829621f4265866542a4c0610745,6fd58dea315a4ab28023424a6ff455cd,audio,food
06cc70bd87c74d4081f98a4b9bc9856b,ed1c744d85614b41b83c7bf554fbca97,audio,technology
3ea5665603ef4199b253b5241ee21eb7,8dda1a419e574944bd3618c0ac343b13,audio,veganism
55d5d3f9566c4fccb24e02ca826cce58,ec2729db9794466e93baa19402e16bef,photo,science
270263042cb54d6499599ff0328aaa03,2941011bf21444308a14e791ed0805bb,GIF,dogs
d3cc136522674b4a8a0640065d7ae0c9,7d8464e744df46bdb338d599eb730ea2,audio,public speaking
4b1c315b84a8400abb499fec7dc767d5,c76c339388e247b0ac37dc4f2053f5a5,audio,fitness
90418e93aa5a4608866e25464b617c9b,c834ba1d8a104984aaf27c2eab207076,audio,science
6a39e0b5b1cd4eddbdfb310e1a3e5910,c64c50046ab54faa9fcd8039fe57799d,GIF,soccer
8cabe73841cd47e182e220972f320fb1,f977560243ab4d54ad937c9a489879bc,photo,public speaking
b20551119b7b4a059f07ac190a5391f0,fa3e42f071d8455fb024e52d5c27a145,GIF,Food
e3bb5693091c47deb4b778e28b5fbb98,d1a89d237d1749499e1a637317141f3d,photo,education
d95a7e4cd5044cba9bcc4c4b1bfb06d0,0f21b6d67be6484c9698d851ad7d43c5,audio,technology
36bd171192f642408ac521df845abe86,4cbd005f69d54a8399477009f69c0e7d,GIF,technology
2c9b8ec27eb147fd891da5b23c019839,f25dc445de4a47ee92a40ff29c56656d,audio,culture
9f3fd7785ce243e5bc5e2af9b6b12fc8,1e571af51796424cb744a925897d44a3,video,travel
e14849387b94481ead0f46629c043c96,5b3b843e7c664eac82b68d6f7a19277c,audio,science
e1b4a0fe506947658170ef44ab8f102c,7be6e8bc39b04035ac931df8fd7e1928,photo,tennis
7c4f038901a54ea8a64383414441fe81,9bbcd2412de44a55a3fe2292cfbdc11c,video,tennis
584211e83ca941a7aeea1d308bda53fd,8d3661fdd9534c1b857d82b3e34f569e,photo,studying
d05568a5a7bf42359b631e2233adf9a8,40e643fb369c4ecbbeb7810114f331fa,photo,technology
596a3ffe1e2a4999bf8dc8f4a8974343,24789387968b425a883614e243cda16c,video,animals
f8119ef81f0049e4b46886dd64042053,375985a6ae7943d2b7c6b182d83f1eaf,photo,culture
b467bf5d1bcd4c52a6676b88269ad02a,7b7b58252ae1411999a7e638f13267a0,video,dogs
632875ea56de4160a76cd1b3ae9e566f,dd1183453ba648009686d5479fee403d,GIF,public speaking
24231380c9a74b07bd51c9bd5c49cb7c,70848bd76cd54686b22ba9afb05541a5,photo,cooking
f0eb58d45e4e4dd6bbd9853492b2e45a,311d7214711f4f66bc9ae835fa54ffb6,audio,tennis
1c6be4a385ae48da81ff44262690af51,a710ab29b72a42c8a79b42e63d4a8bfd,audio,education
a5b45b7bdec44c269323a3d9a8cb9d5e,47def05801cc478f9830eaddcccac633,video,animals
6054518c4c284d658ebe3b4f56108f29,2026ccb677b2494c9b6ba5d32aa86776,GIF,healthy eating
73ef953a5bda4532bcd585a2cb61b803,c1e0154175084712a22c0370f232a41e,photo,studying
a727ed7f56844536b5438e8fc93f40b1,683d880b3ccf4f4d818296e7a7a884bd,video,cooking
8fa19e6472ab4cffbc92b8a057395043,95258c365b6b459185ee0c43f503c1d5,photo,food
634a05ab075145faa1b4b4a9b8342f61,35d6a1f3e3584d4b807405f3b7f35c2a,video,travel
fa337cb5179a4f92a085e6b3c60e2854,5a1ab9a3198340219557d3700a276746,audio,food
46219a74c2db4479a96ad3ee54d1ea7f,47def05801cc478f9830eaddcccac633,GIF,soccer
1cd59d79a2ca4a9992aa2775117c4589,b870b76474474990a8d4024d33e0e67d,audio,science
d374af6014874ee4ac6afcc59ae6ea45,132b140716fa48f881123e426974bbb7,photo,dogs
f6fed2d90e2548b8bb76f7cb0667553a,bf721d004fa144b1834f4730cd51aefa,audio,soccer
12c49449a89648cba33b47e8952f23a7,f8926cfa70364929b5db925c26daea1a,audio,fitness
e949f4c981b044dd8a690c233134bccd,07f4dcd02bf34f219da3b054b511ae00,audio,culture
c2640cbbd9d4424e9ef5a4c972ea2f09,ef147ea5969644d5b6c2a43f62fd8ce2,photo,travel
1735c0ee483444288e6c014e8fd44bc5,330ded4bdb65485a80a46b3bffd33067,video,technology
fdca8d15966b482581331fafc5c1f9fc,0f21b6d67be6484c9698d851ad7d43c5,video,dogs
e1da66ba31f346afaaa3a183e3e7eb56,b8c653b501184d7e9bde07c2de90f0ff,GIF,veganism
a372b4b76bac4302acee745aa34ff4bb,f50ac0303af84e07aacfdccff353b8f6,GIF,Studying
116451da4b674bcbb43bb19a914e0d36,31d378e79e954e8ab5647fd346027dfe,video,food
c39f187c932b4403ba6fe081b235dbd4,b3e7332836384913b7ae3a6a64c1cd62,video,travel
fc462e490f1946019f92a31c9542887c,0a1cde5779ab4c61b6641d3b290b43cf,GIF,education
48fd48c7bc82414e8941aa2090183aec,85eca06eb8db4fd9b083da47572c40b2,photo,dogs
0fbdd670a26648059bbcc5ad73cf97b3,63e1cb43d3dc491aaf16209c1c152c44,photo,technology
879589326baf4339b01b6112d9b180ed,5ff89fb3b364494fb62d07097b2ffa12,audio,culture
2f246c6525f04144b3f1a180865b1766,ed3494e3695b4068a72509c6cdf92d63,video,technology
5403a041447d42c1a9f23c525449b3b8,f7785ec173834815820680de7c05fdf9,video,public speaking
e57d3bd7da38492da87d3a643f61fd9c,23cc47ffe5cd4915828d258aefce5a14,audio,education
1d8fbfdc3c0f4fbfac50f812ce9db36e,0a1cde5779ab4c61b6641d3b290b43cf,video,food
b0cad7dc633341608e7f425182eb4e29,2f112802250145b5a9d9470cda6ef23e,GIF,dogs
70047f87af624674bf30a03c9ee9db09,b143cd2b20b14e9c9bb7cfb359b33d01,video,food
0f254679b92b4a2c84b0ba6f84f59a33,132b140716fa48f881123e426974bbb7,video,veganism
26a2a058380642efb1e424c6b64f9bdb,31cfc138cec04176bd6d79c4cadbb1d4,audio,healthy eating
d1086f65a34e469483a8df971a3041d0,4ef2c812b1524a72a443f4ff787d7b0d,GIF,technology
b62831cc7447465b9c581fc659b17310,76a034b7e1634735a15bb0ff645ca627,audio,animals
2e866dc07c144e2a9edb9ccc1d1bd048,542041fbf3614353b0f0442c1585317a,photo,culture
f9c0a47dc96d4457a1beaa7642ea38c1,63e07d147bed44b89cf04a7e9b2a99ea,photo,culture
b3c0379ab71a4f6f9fdeceb636739633,054b5d2a7ee349c8912a1cf58389ae60,video,culture
02fca291d239430387251c114be2f32a,d5b6f279ab5f4391b92ac8acc8ceceb6,audio,dogs
af8ab833e28c4451b7f683f3953d556b,ed1c744d85614b41b83c7bf554fbca97,photo,dogs
00d0cdf959194102bf84ebde253c3cd2,fe224147e8934178b46eb12f22bd7ed1,audio,healthy eating
7cb131be2e2c4c289e8866cec9d34e4f,d97f6964a2d44d558f3d5b4aac2f569f,photo,technology
87bf6cd4f955418baa849bfffcb4abeb,26c9a1fc78b0460b8931cec1dc87aa0d,GIF,healthy eating
80f6df7f517f4f0eb6cb004d61ad2bc8,877ce8ba564f4b869cdc94a93d9a7997,photo,animals
072fb6c21505408aa35df0c4ffaf2696,cafa0d0763be4b5bbc7fc4f4091d403d,photo,fitness
baadf2d9ab5b458da3cf37c39a69be50,72f7f84c5bcc438081cd3378ce0a1b32,GIF,technology
c2373565f5f1415f978649ff558c7739,5c433d28dfb74456a468dc3705147ce0,GIF,soccer
cc253c916df64de5ab4e6d1127620fd6,fc17ca617c664ceb850432f58b438b45,photo,science
b0fbee80d1fe4be59a3247f61e395669,2ab641a86ad44d1a8511d87ff5346773,photo,dogs
327dd6312d6b4acbb0a7804cda5009b2,225f147b095140a896fb2ceba9f3153a,photo,cooking
0c6e8e2a76924490b545f76b0d06697a,66663a0d856f487fa2a2258af21ab3e5,photo,animals
9476189c8342489e985c81de9320f527,ae600af5c1f04b1fadb01b4c246373e4,audio,soccer
d539c60f996744b0a11e26d5dfa43884,66663a0d856f487fa2a2258af21ab3e5,GIF,fitness
410c757b918f4c71892b2e6e7697bd86,c5d0487987bd49509e63334382ef53af,video,Travel
51577f6ae29e4ed293ebe7bd4eda800a,e69d9ade20e54e31bc705a46556c530f,photo,dogs
a52f38d81c2e4adcb45101c49f650195,afab733604d345fe89170327c56e7435,GIF,healthy eating
140a516366d84a118d4ea670483bb852,8d3661fdd9534c1b857d82b3e34f569e,photo,science
436536b26d054e20af6ecade48b4bcf9,1798905d6c3a4e5da9d1ce429b1260d7,audio,cooking
9c55917b055c4ae0b044cce9fb89bfa9,fe1c151b1a9543fa9a4cf3214adba852,video,soccer
5e813176850f4791a7504961429c2458,72d2587e8fae4626a73d352e6465ba0f,GIF,soccer
efda0319e547484a84b5c5041a57502c,22056f9e465444e9930d2fabdeb80f95,photo,dogs
a881e5c84f16482385a8c595fe220385,241d5c6e06c7491bb23ef8d6ddc0240a,video,soccer
520450a4c8524a4e938330657dd07533,de050611e92643bbb1ea502d8bd25bfc,photo,public speaking
15dc9c9111a745d6ba68107e6d4dcf7b,7246fed187254dbbbccd5451346f122d,audio,travel
c2fbcf27369b4385925aca2eca1403c1,9ed68c7013fd4346808f2665943c46d6,audio,culture
10683ab8914b43aead2db2fd6a48dc33,73a9e86962a64508b14620dc9de19276,audio,soccer
b70b6e700a644bd18704b351821556fc,61d88e0ec0e7435285ad555e464ff933,photo,culture
431c5aacaa8941e099e092d237ca9408,fe0e2711bad04a0a90fab2d9e8c773a8,GIF,technology
4e56346068bf461f8de24d27eaacac2b,d97f6964a2d44d558f3d5b4aac2f569f,GIF,animals
d0f8e229c57e460ca08f59672c606151,ce9b41f4625e486883d16b53767a8af5,GIF,soccer
6a30164f28c34d10b92866585a85cbb5,2af7f47641b64147aac70bbcb5043895,GIF,soccer
2387f014e6504df68dafa9d863c10c7e,e6a52b6a20ec4b09bbb74a1138014985,photo,food
bead7e6d0e1f489d81b2d006a67b5b33,c64c50046ab54faa9fcd8039fe57799d,GIF,science
9c8be3426cff4d80bf94fd0fd8ccd845,b94803794b96412c8dca96fff9ae81a3,video,dogs
273cb5658c43428ebd2b46ae0c2ae046,66663a0d856f487fa2a2258af21ab3e5,GIF,animals
5b71c62f2c894d19991f65fedd0b52fd,5d04455ba95e40d8bcd48c485777c47f,video,education
d624685f99a74aee902b283f5cf85ada,13f0db8a152a496fa6e81ed6a90b8788,photo,studying
965a00aa30374ea6b6be26f6fbee029e,f50ac0303af84e07aacfdccff353b8f6,audio,public speaking
79dfc9a442c042a5abe42b5d3b8a05ab,334e2fe86f2c424c8ed512c99f048722,GIF,culture
84a8126163344ba5978d26a45d28a44f,48e261785cdd45689990d3bc5937910b,audio,animals
595037a55e9a42f68f50a55827dc41ac,72f7f84c5bcc438081cd3378ce0a1b32,video,animals
22cdf77b00c841c3ad59333c3e751e2c,c1e0154175084712a22c0370f232a41e,audio,fitness
28b8c278a125429598dd5f8d45c3200b,07061727dc054411ab7879f95b1869a9,photo,tennis
e1792fe628e049fc8b010e027461d8b5,6fb7ead671f34f5794bd18111fbc5e1a,GIF,technology
0c91753a0bb44b77a91996c2f998ad91,5ffd8b51164e47e2885e8b8c46eb63ed,GIF,fitness
fd0a30906b894c4e91921aa4db213a3e,9e9cf8e7673147dabc0f3a487e835586,GIF,cooking
9a25d0c6113441d2abc4e893c41363bc,9a5c1dccd26b4303b4873075e7d34e02,video,science
2f5dd79a88844086ab6f00b3bea9d366,286516cfd23640de8d287d0bd173125d,photo,cooking
5a0b2edf78dc4c4fada9464523b52f12,ffdb3615516c422faa24a137e3027d3a,audio,Fitness
37ff78d3d31c4bde95c683390749a367,f7d73e35248c43699e4d1f38bea06a5f,video,fitness
d86a1ec9a88344f8b1ad2a182c741fe7,002cd82410f2447c8d1c940325a1cdf4,GIF,public speaking
dfaed54d123d46c68a86dd11c30e4ca3,c07fd88f9e7b47eb84778fcbffb7c5c8,video,fitness
cbf66fddcd8645178081181e45f13823,23483ddde43e4c5fa1b75392410aa8d1,photo,science
18cb1ce7fb664a568042e38c9593ade1,a58444bca23e40a1b09d0f90bd5cd6b3,photo,animals
d0c1d7f4773549a9ab6b2cdb2338a609,941db1b1270d47f88a9643f5a7481f03,GIF,travel
f3e8d1686fb948b98347b35595162c1d,5ffd8b51164e47e2885e8b8c46eb63ed,video,soccer
781383dcf5ff4d6287dfc3557f5eced9,acfcd174178c4af381185be702fb80cf,audio,technology
efffd88f7ddb4579bbf2e3d248c122b4,9d0a0b94b08140d7bf566f8f4750dbaf,video,tennis
f9e9544e16b5416f9aec80a723d1e64c,877ce8ba564f4b869cdc94a93d9a7997,video,culture
438301534c894502a7f7bedbc08cf903,6ecb39b18f8544f1b2f30cffcba4d731,audio,fitness
43ea55097ff14150b263d5eac9d6f69f,7240bf9b74244c04aab11d7aa39964d9,audio,dogs
0be329af19d64a348bc1f4391e9877dd,80e03bc0fc8f475ba4dd870844b7a313,video,dogs
99fcc8a6550f47a1b312aba8a031f6c7,084eb1130d874ae5891b2ec7f1e194a8,video,travel
7cbe1ddff81e4597be11420b4dd815dd,ba55c3a85ab2486a8c90b972117453bb,GIF,technology
aafa015b7447421e91bbb64720402d9e,85a3acae0e7149f4a6ee13d3df1f4962,video,cooking
72167d71578d428faf6d5a8a92e677af,4fe1900d5e7841a388ed18e6889c6c77,photo,animals
b0dd04df83a1470f80adbb173a5e44bc,ef629f00391d4a79af7477a9afdbbd41,photo,cooking
5f87a730589d48fbab94e69274d7b89e,1879b6981639438ea07eddd735f8d57c,photo,food
e221de96853647828281f9cda62f3c81,48bed4d70329472c96d9b23a103eb834,photo,food
7462289759cb4cf48ffe3a25aeebc234,fe1c151b1a9543fa9a4cf3214adba852,GIF,fitness
09f5578e6cf14e80b1027aae7b9d5d67,225f147b095140a896fb2ceba9f3153a,GIF,studying
f86dae91133045cc835332839ea82ba6,0c347562ce55450b91ab0707662b36f5,photo,tennis
bfeb61179179469d9ea88f41a251a5fc,4cbd005f69d54a8399477009f69c0e7d,video,fitness
1287b5c5604b462bbf77e64a8e89739e,2026ccb677b2494c9b6ba5d32aa86776,photo,studying
f0a10ef089c746b0828ae9eec53a8cbe,561b08d610844115933ddb3e60edfd8b,audio,education
a6cace1996eb40b3b6fb2a1a4e444dde,17bc2431754a46e881e232820d3fc612,photo,cooking
1b7d1f7021dd483bb395e15f4c2368f1,15cf43928541422b8957a9c0380c11d9,photo,animals
27e2cea3b4084e66801b29fdf7c03b05,3a80467c0f1f49cab9041938ea2177a9,photo,travel
c6616e7cf81546d09b1dd7ea977f5d32,40e643fb369c4ecbbeb7810114f331fa,audio,technology
846b8dcfd2d245e7816d7dd62d4fbbe4,9851114045c44faa9962fea5ad618ea3,audio,culture
3fc1f583ce7e4cfeb891d16976953fda,3954373b24114d3a98ba03bafc1a1a6d,GIF,science
5d3d510724044fb8a9b63c8428492f64,104c4dcb70d54d87b5b58b67205891fe,video,studying
46c6901989b54a139b8a2942ca22837f,79acce4bb9914a68b762d496686a4f32,video,science
2c043e7463e2472ba31a6ea060febfc1,7be6e8bc39b04035ac931df8fd7e1928,GIF,Education
6b2db46ff7334b56af090ed7bb232ed4,b143cd2b20b14e9c9bb7cfb359b33d01,audio,animals
461cb0ce0b434f13a8bd847fc6428c6c,7adafb3c7c7c492bbe5b5ddd9ff1316a,photo,fitness
7df4b13fc41a4c8188fb213a6a96acc5,0873e9a7234a4096a92a8dc7a03eb0c5,audio,culture
7df08397b59a49738c62fc5d4c36c08a,f86853a2acda4319a50c03f014248042,GIF,veganism
28fc1e6deae947deaf1111ad726b2a88,3f2d07e5360448739737bb44340773d8,photo,cooking
7e9865ec74554b3989f792e2a82d0f12,ded166ee173b4a56bc6d464c35709670,GIF,education
b6f447e50a89468a8ad2fd45676170d5,4dc7482de44b47ccbc277bf663497997,photo,veganism
292051b5b8354a60962abddf10da82bd,311d7214711f4f66bc9ae835fa54ffb6,photo,technology
088e2e4361a8475fa3e6061f626b0f16,1879b6981639438ea07eddd735f8d57c,photo,veganism
bb6c02575d4d4bb8be584bd7ebd9c337,7d624010a0e7455ba60648c5c467dd80,video,animals
02664d3587cf46a6a80b78fbc9ac8b2f,69fcad9e45a94189b7e196b26c57c542,GIF,science
e0cb0394c5b2447aa9f488604a3ec283,92423e9a4e8c49bcbe75c819912696ce,audio,public speaking
ec6c41c9509e43ff83bb0e5202b8e62a,ef56931b540b4166909073ae48ac8d97,audio,education
e17bade2317549eb92f47f2eac74147a,1582dac6ebec43eda34a1a202ca72627,GIF,soccer
3896723f560c40089635e3ecf1e2b37c,f62c96d85b1e45c68a65b36a9387827d,video,cooking
a048f504f428438dbb91f1ad562ff5f8,89572273761e46f38b991689d98aac90,video,public speaking
9c6b008460ba4e88a0c7ba0f61ec2c11,e09aa6253db749bdbe099aaa0c86a8bf,audio,cooking
ef1ed16874334233ade895070d70a382,922d93a7d56a4e74b1bf1e7bab42dcc4,audio,travel
bb157107088c45aa8d165c093a7471c6,3b751c3fbab74b2ba95f10d57c02aa6a,photo,culture
45630f5a78c146a1bdc779cd11bb3c13,3956593b7739426ab7a5e841c95a5df9,photo,travel
7981884998f94b6b9be84ed4c1ad59a5,40e643fb369c4ecbbeb7810114f331fa,GIF,fitness
579d514935494757a0c4545821236fb0,d97f6964a2d44d558f3d5b4aac2f569f,video,tennis
475541da34024d0e9df50da198f8fc9c,4bc628253109479694651bf853165347,video,culture
ab57fef7f7fd49509fe65ce2677cac96,31ff6616c1dc4b9a80910b4d0cac25b1,GIF,culture
dc1d46284edc47c28da70b3d16ef5ddf,bf970f5566c1402da5d7f086421516c9,video,technology
17e3a8c5ecb6445d8b69f8c202d08549,69532ce21ffe418780420230d115b24e,audio,cooking
df06cdabafc849659b10c270b0cafedf,e2377b94f06a49eda266377c4b07e980,photo,animals
8ec8db618bea440b88eef1f593eb4a7f,56b8948a68bd425fb842eabe6bcfacca,photo,education
c582f5154d904ae69ab7059fdbd7956c,b827588c31b247f3916aa1dbf7987f50,audio,technology
6082eb46c23940f5bfcdfb72b823ee71,fc17ca617c664ceb850432f58b438b45,video,healthy eating
59523d44611346a5a85b38de2ce7bfa1,311d7214711f4f66bc9ae835fa54ffb6,photo,travel
e6c8f317c8a94b1d941a4cd5420a138b,7a85fbc6253f45529f4ac1a332e14fa5,GIF,science
9c06697630e0405e99735c4342271a70,1e571af51796424cb744a925897d44a3,audio,tennis
1934a201059041afbf405ddd6254d744,fc17ca617c664ceb850432f58b438b45,photo,education
279fdb2be9ca4531b55fc8fe294083cd,47def05801cc478f9830eaddcccac633,video,Healthy Eating
2297a93f370d47e78df33d464b3a0c0a,15c2ba5beeb64d9ba0e27d5461a21c0a,video,healthy eating
25290b06ca0543eb8e54e345a41ddba7,e09aa6253db749bdbe099aaa0c86a8bf,photo,education
0411a1da97e144b6945d06b4682ba802,afab733604d345fe89170327c56e7435,audio,technology
ef802d0162694d219159f1386c75e789,225f147b095140a896fb2ceba9f3153a,photo,technology
ee18c3831e7a45079e781061da09143a,19fa2bc296ab45b699de1995c2bee330,audio,education
ee0988ef86564a639515a2533b772636,9851114045c44faa9962fea5ad618ea3,video,travel
3fe1e6e66d1d43f59c257d0a1c14744d,bbe8f83caf9c4dabb5fa7925822e450d,video,soccer
8526d7cdbf334bf4aa072c25c610cc74,3956593b7739426ab7a5e841c95a5df9,audio,dogs
df2214cb61f3474486a87c01e501bc27,acd90ee984cd465e88e3f128dd0cc1da,audio,cooking
b15792cb995f473e83725cbe88eb059b,a710ab29b72a42c8a79b42e63d4a8bfd,photo,travel
881d89448eeb4439b40c9396a1e31f20,2ab641a86ad44d1a8511d87ff5346773,photo,science
4b2d0fff3b4f43caa7dfc430479cb9ba,987b33de730748c1b34a6c6806d7af67,video,soccer
fea8d77cfd0b4678868ffbae567642f3,d4dc38d45c80428f95dab746a275531c,GIF,science
8945e37491704799b6b078fd9d5821a6,5fbf758a376b472c8acaa87ff1db3e6d,video,studying
b0782637260440f78fc65e7d9ffd2255,c1e0154175084712a22c0370f232a41e,video,cooking
55f46794426f441bbb6053b5e6beebc5,953cb19057044926adc2057c6f3e3cb4,photo,food
e61a1b0417e44918a637ebfc59783ad0,fe224147e8934178b46eb12f22bd7ed1,audio,fitness
343362dd20e14b98ad23e3d8d497f98e,bfe23c39f8144282b0f7506cd8295b8a,video,travel
d39b0a7ece144ad4aa9f5aefc827f9e6,d2e48a3daeca4b368550f8cbb10d09b8,photo,veganism
98169c0479b1470282afac0fa461e044,b1ceae0c016d421fa6f0488a7857f9f6,photo,food
f663d05c74ce424b89f258009b0095fb,9ed68c7013fd4346808f2665943c46d6,audio,public speaking
03750ad98d8e4f8caec68766c9a0184f,fe1c151b1a9543fa9a4cf3214adba852,video,tennis
9ab406fd4431420eb6506c16714089bc,a710ab29b72a42c8a79b42e63d4a8bfd,audio,studying
845fe8d4bffc485fae96fd8fe9ea013d,108fc1be9c15440a9cab634c3f414dcc,audio,education
01f310fc56924cc1a7bbfc62977d79bb,eff1e86a8ede4a41818b9442e3181ee3,audio,tennis
4c1ae4ba078a4720aff0817c7d549387,72d2587e8fae4626a73d352e6465ba0f,video,cooking
964173f3701947589ab9df71585aa965,ce7c338ccad4408f895b510ca73a388b,audio,veganism
fa60edda2d3242ab905d2f5de379c461,98411adfcfc0400daac8e215571ef3f2,photo,fitness
d5ec7de38c024f17a9f0dc8a9e64fa1a,248a8f9f10ac4786adfbd0c3dd4e4b97,video,soccer
964a54b77dc740b0bd949898b670f9cd,15e325b1c2214bf8801018d76b03646e,photo,science
37331f8d4fc542f6a367e59ccde67c45,a1a9c0bd785a478fa19e9eb48fae0bd6,audio,soccer
8f4cea3010e748068c01d78ef6bcbfa8,fe15963d0a7742479bc604e146b826b2,photo,tennis
cba3c6466b1043fea1afa0276815288f,4bc628253109479694651bf853165347,video,travel
80bf3ac3e94e44cf81ef345a8326802c,624db443c7164227ac84a6f7c3a59162,photo,veganism
6f48fe2b7c2040658ae97bea61275dc7,084eb1130d874ae5891b2ec7f1e194a8,GIF,Science
c48d796642f343a6a0b70a2260ffa125,20d507a0fdba4c04a30cbd18273accdc,audio,culture
85260ec27b3542668071580a8b4341ca,ade9db41034e4b27befb42117025dab0,photo,tennis
4bfc9824aaeb46958195945686795b30,d71363d5646844b0b64194c4776bce98,video,public speaking
a168836d7a7441e2a8ae809fa556c8a0,68724f58bc4d4ab0a4e160cdd5e95e7d,photo,travel
e1eca98cc5fd4fe4825f2d36e8bd56f1,e206e31b5f854964b6ead7ee5324def1,audio,veganism
ee63176638184de6897f2355542b58e7,aa71ef91252d4c9992adcf617f09fced,GIF,public speaking
0ac85d23c8ba49edbec1493b960a88c0,5538013113c64a5c8826ead0ea8895cc,photo,science
ef619e471e884e0f8d91590cd9ecc137,6e98e5c2b7d74915bb20d01a42d29dee,photo,animals
f65dbde9c8dc4851927e964fa2e0908a,a6f003beb0fd4100b4ccf568a21b9745,video,education
019b61f4926c438eadaf6119c5eab752,9a5c1dccd26b4303b4873075e7d34e02,photo,fitness
049c926f90954bb2a464666a68257f61,1d8dfb6a330c4eb9a603364f207c6e57,video,dogs
5bf45fd36b4b400ca12631b8576e1d70,80c36ce22cef4a47a563d2a60a2b1825,video,tennis
8123c0ac30b04a20bebe864b3a6b9e9a,35d6a1f3e3584d4b807405f3b7f35c2a,GIF,soccer
724b9f318bdc4152b93f4d3e457201ef,2aae6657121441198cde6b0dc5cd5529,audio,animals
6aa06c00d79643c3816d70f21fe58f80,0a1cde5779ab4c61b6641d3b290b43cf,audio,science
3f6b1a9ddb784d9aa4959de7bd9bbe5b,1a1be72270b047e0a7371700cffa1e6d,GIF,tennis
96ece45a89e44cf8b216c860bf8e158e,beb1f34e787046d69fc72e12eb83ce43,photo,food
5efb3710c34d4dc484dd31cd8c5d9c30,1ea3d5d67e6d4554b31dea31dc2150f9,audio,animals
6912f8e686b744f68aa8c21c2ed0b53c,e6a52b6a20ec4b09bbb74a1138014985,GIF,food
4dd4da35453e466d95cab1a7710fac1f,ad4bd87855e7487ca4db470b23bbd832,GIF,technology
f47074e8518944ac82f84309d63650b4,2ef20e998be84ab6a81783991f7a0fa3,audio,culture
15e132818bd04f40a0fa44749cf32378,92c3576c863442a880056e1ff8c207e8,video,dogs
31cbcaf175f94541abd615723478047b,45064aca5e284b1fbe64202fc5e0daba,photo,dogs
1bbfe52f37e248748422161a60b331e1,9ce133dfbd87455996d7a402add824ca,GIF,culture
94f8ffbbd88847138cddea57466d88b2,cab84c6ae34243ab85a19c6ac1e93bac,video,science
6e71ed3d3fba4bd18de72798dec6431e,e79a2e9857b444698da487f338460d42,audio,studying
c3d1c36d2ad945cebe4951c103351e62,0873e9a7234a4096a92a8dc7a03eb0c5,video,travel
b38723f3878c4308b17314f03639d9b8,7240bf9b74244c04aab11d7aa39964d9,video,travel
942c5154791e47c0bfad264a3d6296eb,54a8e07253694122918943b55e1a4ba2,audio,animals
e1eb9e922e0848b08be7a2a98048aa08,2dd186bb7a284e8099c7f1936afc7b49,video,public speaking
44eab5cab4a446c4977d197a78551861,427fa55b7f494981bcd759fee8efb512,audio,technology
a739e02a5d834e0eb306740652cf700a,425b702104094358af392bff14197d0a,video,science
004e820e49c34ba29d0262db0065410c,9a5aca536263485abf77e60c4608fd26,audio,tennis
7cace87f53ff40c099f5abbc5b8f86d6,c5d0487987bd49509e63334382ef53af,GIF,cooking
8b1bfacc00fd4f6eb6476ecfe2b7ce69,2a41e6284cc54765af2e8b3dec750c0b,photo,Science
6dbfb67ce619414bb016d24da6cbc294,fc17ca617c664ceb850432f58b438b45,audio,public speaking
25c365331de54d82879b86180503cf8d,9fbae7e665a947538db95f7855b6a540,photo,travel
c9b2829f278c4acda895cf0bd337d36f,b7e4b0607b74408fb7d767a5e1dbfce3,video,fitness
a861f7e7b2f54d86966c7503c8faaeca,92b87fa5f27143e0af6684fac21052e6,GIF,animals
56b0b1aba07c4379b69980ccc8689c85,4607d7b0331349b89f735b8227fc5b67,video,culture
6c8d057d756a41ddafefbf73adffbdf4,dcc6000cba92472c8bc19e9ca30b475b,audio,food
5d915af13cc34d44a0ffd170a008a5d5,274ac4ac395a4f7090e59771ac3db11b,video,education
f6055aa80c904e92a8a67d046f35acd4,330ded4bdb65485a80a46b3bffd33067,GIF,animals
59f7eb937ffc462798a69ecaa5e35206,3956593b7739426ab7a5e841c95a5df9,GIF,cooking
990f15984dbb403ca5b248de2c30b1ca,c5d0487987bd49509e63334382ef53af,audio,food
fe06b730b1f84f55af1a52487d8f1ec6,e206e31b5f854964b6ead7ee5324def1,video,animals
92c1fcb55b56478085cb0c4858b39b3e,72d2587e8fae4626a73d352e6465ba0f,video,travel
0701343b610540e4b2757f3d292b9e20,242a3620fc184120ac7237b0f3716879,photo,tennis
451b228b9d6645a4b6fa46c502562b5f,4ce3f87796ea4a3781071176126d9d97,video,healthy eating
c9082d3b6f2b4057a0b83538a247982a,7adafb3c7c7c492bbe5b5ddd9ff1316a,GIF,healthy eating
1dbed43250e649559ac8798fb60b2f0e,85503a94e733486e989e12ff9b59f2d3,video,science
348efc5cf8874cfab1650dda4da85291,2c32ac39926d4473801f5733222ad74f,video,studying
7c47e333da294be981562e5f75a991e1,1ea3d5d67e6d4554b31dea31dc2150f9,video,dogs
f1836624ac234c4ca868ebf3256d6e80,e206e31b5f854964b6ead7ee5324def1,GIF,cooking
ae87a6a31a9e4323981db63c1f8ca2a6,ce9b41f4625e486883d16b53767a8af5,audio,food
2664a681e732422fb52902fabb6ec9ab,9a5c1dccd26b4303b4873075e7d34e02,audio,healthy eating
aad272f02b16478bb2c5c502b060fc30,346174b146614cdd8c4766dbd013cd56,photo,dogs
1dec52638a5443fbbfbea388d2919e74,df1e7940d51440aaaf3ae742792c4b5e,GIF,food
c75dfa33cd71486fb4e1f5e9133ae873,a6e32004886640e5aaebe159c13fd42a,photo,veganism
0f1cb5c0ac2a4c8a9fb9115d60493247,ce9b41f4625e486883d16b53767a8af5,GIF,veganism
40727608362e4e10970f2b5a5f8c37c1,ef629f00391d4a79af7477a9afdbbd41,photo,science
09f2e925508642ad8160e763396a36ca,64b82ed580dc4fbb9dfcd7e037684f0e,audio,dogs
6cbac852fec649e295dbd62edeb477d0,92c3576c863442a880056e1ff8c207e8,video,healthy eating
445a06c13dea412990eb2384c0534eb6,91bec0aba8d4421eb333e511c7c6f9a0,GIF,technology
abf9ec3b1d0f4238a8f8137072dab287,3af8d78b55c44ac081617cc3f6ec11c9,GIF,veganism
60872f353eb44742b3b048f15f11be66,6fb7ead671f34f5794bd18111fbc5e1a,video,travel
1b6f05f1df9e4ad4989e029baf20478f,30be215659d1451ebeea1a3690200a2b,audio,fitness
1a5b511a71994f05988a1f1d0380ca11,c1c53b8cb6a84343a3694a0595a97807,GIF,travel
5ac2552c15a541ed8d679c57bce74ebc,33c1cee6ae564f8e84fcee0a4b7bbf4c,video,travel
b596629863d8403e96ab9a610eb9752d,fe1c151b1a9543fa9a4cf3214adba852,GIF,Soccer
ec69ad7cc57b4d10ad0f930ff10bf687,939dbcf5024b4e639e7e2f15c8b346ba,video,science
51a9bf9c2c90487bad379db7f18c36e7,ae600af5c1f04b1fadb01b4c246373e4,video,travel
9c542f56b0ec4df1b95ef56e1c467813,ad4bd87855e7487ca4db470b23bbd832,audio,food
10df34893d584929977cd3e7e177f5fd,dbacabf87ebd4f22a26159d8dad306f1,GIF,studying
41c97dd63f0d4a6c90832163e8e08e19,2c32ac39926d4473801f5733222ad74f,video,public speaking
e8d627107e3a4befb6daedaaed70c401,2aae6657121441198cde6b0dc5cd5529,photo,healthy eating
d3cc4cf181f949e7bf5dc0ae10a88139,5ad56e9758f64e669b8f5c16358a9a97,video,culture
95fe7e7cf3274a0aaf065a88346f8546,acfcd174178c4af381185be702fb80cf,video,science
4dca44b9e65c4d9d93eb6a24ec8950e9,a6f003beb0fd4100b4ccf568a21b9745,photo,animals
dd942c3f2ed548499e2b7484f5a4eaf4,89d6bd9dce6b42e5bb9bece3b338396d,audio,culture
8b08e78c4798463ab868a0dc9fde777f,89572273761e46f38b991689d98aac90,GIF,public speaking
b3bcbff0d1604fbcb3c68113ceb38056,8af596f3c67c4f40a0cce258e730a8f5,audio,science
4304a38215274e7daf7b691d976f9ad4,b143cd2b20b14e9c9bb7cfb359b33d01,video,tennis
2ceee25a84614409ab417a72d97d722d,26c6734f42b648f8a08ee1c3a79019d0,photo,animals
6407f238511b4adeb77b0f3bc8b2f300,fa16aabbfac34310b19cce7021eb825b,audio,studying
437fab542c894b0b8d89dd2320d83e81,3956593b7739426ab7a5e841c95a5df9,photo,tennis
cad4858d77e547f8a6b94ce2971d8656,b473e898b7b04a57959d484bf4cc4483,photo,cooking
a4f6b4c236bd4232bef866577a601163,1ee25417364842209b8ffc82d1ef450c,photo,animals
f298ed7d2aa242319523c4013cef24c3,8665a934dc22482b92892e2c9d6a4095,video,veganism
8838fd4805c44b57a19235e9ff67f9b2,7d8c8c7777a84743b35f349c0ac07866,video,soccer
01396602c7594a1790f08f9b3ca11b30,104c4dcb70d54d87b5b58b67205891fe,GIF,tennis
3ca5a22faebc4421a960d787d732f1ec,90e2caab9daa4bf08104c25e6c70c59d,audio,healthy eating
7bbce877eb474ad39a577ec4a0190f1b,c8145b493841466e9d49a636ce2e7d1f,photo,travel
e3107f22f36a4d889fca1b842e141db8,ac4e6ee0d1bd4e6b93557567b3e3ec5e,GIF,food
b3b384bf3a174ccbba86583dede8fe3c,b7fb20284cfc440ba1b14101f12f7abe,photo,education
b9ff65d6b79a4f9b874510088ddf9934,2dd186bb7a284e8099c7f1936afc7b49,video,animals
3091e63e13554eb69fa75c6e75f1d3b8,9be473d9cfdf4954bae209b0555a8ebb,GIF,culture
0c2bd955f00f4c2f89997cc0ada4b3e7,ade9db41034e4b27befb42117025dab0,photo,animals
4ad4b955c65a467daa271ca804d05170,6fd58dea315a4ab28023424a6ff455cd,audio,culture
3c6354b37e8a4d8cbb8033f17c17bd32,c3988ef27e284db78981c69f61a3bfce,audio,cooking
8caec934951947de8dd4b6d65e279661,78703a698edc458fb0fc85d96501dcdc,audio,public speaking
9b480f9ecef346cc8ea1c116cded9661,c76c339388e247b0ac37dc4f2053f5a5,audio,public speaking
c24a56ff256e46eb9936a6284451fc61,f25dc445de4a47ee92a40ff29c56656d,video,studying
fa3a6a4059db4027b8ee89c79ecbee7f,de1d478e35524223b039d3086cc485ec,photo,cooking
9a517a107dd24a30b67a925569d9ed84,1879b6981639438ea07eddd735f8d57c,audio,Science
4b6d1c04e75d4e96b5f7f49c4af8d89b,a81df7677da14844b63cfee4c9c7895d,audio,veganism
1625c44f2a9e46d5abac59ec211322a4,122c3e030a964d629d1727f8e2b6ba58,GIF,tennis
f43114afedb44629bc157a483cf3eaf4,9a5aca536263485abf77e60c4608fd26,photo,technology
295ff9f664f3470492724a932f11d709,48bed4d70329472c96d9b23a103eb834,video,travel
7ef17afbded2467598002cf7fe58e6b1,8f41c07fdb4f44f3ae811f99cee047eb,audio,studying
bfc26d2db5e5415ab10464befef2f52a,fa3e42f071d8455fb024e52d5c27a145,audio,food
2eb32cf2da204b27b4b6c91716f528a5,941db1b1270d47f88a9643f5a7481f03,audio,veganism
7f7d20cafedf48e68364dbb8adeb4223,7bf3ce80784e42a0b06adbbd1e31a9b7,photo,animals
6519b8ec12534f918abb3c5a04eccd2b,2a41e6284cc54765af2e8b3dec750c0b,photo,animals
fa39acec96b1441d8f8516dfb44bdfba,3e65775b36e4495d9c4528127fb3da5f,photo,culture
4f215b36f5c4429481f280e4906b197d,05782669264e4c14990e14c8dbb13bef,video,soccer
b6393b8b320e4558861420a6727f2eea,94bf7864a52e405ea7299702bf79c234,photo,food
04e1996dccb34b19923a8dc2a52e4bd4,e09aa6253db749bdbe099aaa0c86a8bf,audio,education
c892a472bf81494683c0d3697ba65b95,05782669264e4c14990e14c8dbb13bef,photo,soccer
aa1f824d9df04b4ca49e0cfb7e244122,7a85fbc6253f45529f4ac1a332e14fa5,audio,public speaking
4ae90f6eda634ce2a357a4b36c739b80,2a41e6284cc54765af2e8b3dec750c0b,GIF,travel
ec9a2001b58d4a7a86a5f7ff637f0fe8,5ffd8b51164e47e2885e8b8c46eb63ed,audio,travel
0a390a930e594a7aa12cd3f5ce4924fe,108fc1be9c15440a9cab634c3f414dcc,video,public speaking
d61c4f7699c64cd7aaadb3561880aa26,a483c273aee544bc883ed6963157aa4c,photo,technology
286e2f5f082a4ce79396db565106d5bf,24789387968b425a883614e243cda16c,photo,studying
abae4f4323564c6bb51dd2acf4644956,122c3e030a964d629d1727f8e2b6ba58,GIF,fitness
d4012724c8bf4db38670dfa1f630a72a,4cbd005f69d54a8399477009f69c0e7d,photo,studying
21bc3be66bd149268beec4585873851b,7dd7dec057584a6ea7dd27a20e57c757,video,soccer
8c3e8682dec44d3ba4e18c146f70d56f,c7b6e3741bef48c38222cc231dbd5cce,video,food
bc8024c3c51e4875b8df419e9848f492,c7b6e3741bef48c38222cc231dbd5cce,GIF,veganism
1e1a88780435417197e6fddb4abc3452,35d6a1f3e3584d4b807405f3b7f35c2a,GIF,healthy eating
57d8470de6444fe3b56e33f1c626e8ea,56e65b5be1b44f67b596e75bf103783b,photo,cooking
8d7a1affabed432fa458a4ab40324e72,caa8605b5cd349d0a6802a6e9f3bf0a5,GIF,travel
f0c6ae88c87e48129713ae45018a1f73,db0066e183cc43f3990b983010aa5370,photo,science
8f82022e2ba74269ab8f3b47f87004de,094fbe49da8444459d287fc5f593f5ad,audio,healthy eating
8891433dd8744bd5a8ca4114a4131b20,5870e611621848e1a9a0ba86fe5598f7,GIF,tennis
52be2c2fbe1f4cdaa2d65c147c018115,311d7214711f4f66bc9ae835fa54ffb6,audio,food
c4cc899d4c3547fd97108e2dea9782c9,1ff398e46b68451d9b002d2a565ba22a,photo,science
42a0f482d3a84216ba0b1459abf854a6,c880dbc589974f389055c254b9133175,GIF,culture
041bf6c98b334ca0a787762eb8837d0c,d56c9d877d564a5ea0e8bbc4ddc3242c,GIF,Food
954678ba9ecc4c0c93a3aba0e289cfbf,b827588c31b247f3916aa1dbf7987f50,audio,dogs
5fefd228c5504023b767ec8aa62de850,cb97b0eafc934597b391846710c6fedc,video,cooking
66af1757534a4ef9a5a59d721e7c6c00,9bb5d0840b28435285915b5a4efecdf0,audio,healthy eating
2771fa81b26c4e1186ac90e85faf4981,427fa55b7f494981bcd759fee8efb512,video,dogs
3b448410dd364e79bf4aba07814b308e,5fbf758a376b472c8acaa87ff1db3e6d,video,travel
a03b3048776e4925a52ef6b1760a1be4,d0ea9a004ea94c81b16aa20b72f824ea,photo,education
56d13215144449b08e173a888bcd4e1e,109782f941414d5a826f9a4ea672f65b,GIF,fitness
cda6a45327bf4237b848b27706732716,a92660de21544694a86e88cb81c8ea95,video,soccer
98a7f6b98dd340c98c98db01b6c80015,ded166ee173b4a56bc6d464c35709670,video,technology
a81601352d5542408f28fbee5ec84801,5d454588283d459d915dc48a2cb4c27f,video,studying
33696f53ab7b4f3eb3a4e0e82990339c,cfe504817c5048fa97fa89b6f137e1bd,photo,fitness
50c0f441fde548bdba4046f23b8cf862,71519e2e6e974b73a346cc3a91cb4661,video,culture
cafddd25565342198dc7a3eae45ea926,4baf648a0ad5412d82505a0ff9289fbf,video,fitness
89e542b9b37f466693144535d76a2566,5870e611621848e1a9a0ba86fe5598f7,GIF,soccer
c24f4499faae4ff0baf14be6a9061aa1,4172c4ea8fd94e50bd2c7020eab84f34,audio,animals
2669dbfc65d44770a916e6507f881131,4793cc6dbe6042ccbfd47ce8fd4d0eab,photo,science
b529487b160b48cdaacc2741b18462c6,e377a5c203784684b7d15d80e04243ed,GIF,studying
e3bfdd7ed7e24717b7802fa14f3cf858,91fa72403d294dd0baf1ace7742a6e3f,photo,dogs
25c8f882464d44659ed2e7f7706c1775,7dd7dec057584a6ea7dd27a20e57c757,audio,healthy eating
df6e99524e2a488abb833a7241f30e6f,9210e8ddd2a24ea78cbdf37e1e8efea5,video,culture
4789b0647b3c4339bf15b9e38222930c,49da0743cb4d4c84b6a2537bbe7256d1,photo,education
77a3ac9f7607411fa2805431c71e3943,4cbd005f69d54a8399477009f69c0e7d,audio,tennis
edea43f315414e428419d1cdf749025c,5d04455ba95e40d8bcd48c485777c47f,photo,cooking
217f4060b3784d79992f20502d407f7c,568e7c6fb1e94a85897caaaaa0ce8832,photo,cooking
4426d1aecb9845cf8d1dc176ef755293,dab237a2dcc94322a9b6b2d16ee38c78,GIF,science
74989207b1474a1389b8f0d868dfdf4a,d56c9d877d564a5ea0e8bbc4ddc3242c,audio,science
83a995e6323c4287ab4101543ac5fd1a,3d5f257e556b4e19b127977bc5c4daed,GIF,food
9fdcedb38e19475593b2133673d4620b,4027aa314bda4e1d92f749de962e8da9,audio,travel
9489565aa8994693ad48369f86b4b862,0a1cde5779ab4c61b6641d3b290b43cf,GIF,studying
c056339f7bc9487a85ebaa7c6da9e5fb,bc142f57130746c699758c3a1e5f540c,video,veganism
5656bfe4bcc1442694b61f9dfe9a0db4,1798905d6c3a4e5da9d1ce429b1260d7,video,travel
d347afb6c0924301ba7d4c59d10142cb,8d67b1c4cd764701a908738e7a2411e7,photo,tennis
62e3c102b5514625b949d589babb16d8,7b7b58252ae1411999a7e638f13267a0,photo,soccer
fbd3e09cb5a34e6dbb3cc729d54c5f3b,23a48585f2cf4a208d30f49361d5625c,GIF,soccer
37c5a8aad2394b94ae682754825d36ff,e43acf25fcfb4dbfbc8cccbe16c329e7,photo,Public Speaking
8644e163704a4a99a8595e07fcfe3879,5b3b843e7c664eac82b68d6f7a19277c,photo,education
6547f69d891d4e1cbd69fc8735b8fca8,fd4da61a510243118b9f2ec57bfac6b1,video,science
235a0022a68343818e9eaaf75fe90734,561b08d610844115933ddb3e60edfd8b,photo,fitness
21dfb75d9d984627b074f4372025d23f,e6a52b6a20ec4b09bbb74a1138014985,GIF,culture
e4127caec2e94321919abe6d11636808,4cff698bdef1497ca78e75058de67fe8,audio,science
46ebc5f2bfe84adaaed36265842bd1f3,cb97b0eafc934597b391846710c6fedc,video,food
b70813e78acd462a9b136d1258030fed,766886c9a63a4446bb4a07d611b3b212,video,animals
daaae2e130904f649d43b4e4ffbb5c8b,8f3d5674544d4f70b4c17b9d93371855,GIF,education
03ed0e2bbd634079891062c187526ca0,3455a646398f4b16b19a1371cdb2e048,audio,healthy eating
4b10bec897544f5db129a4b6fa030660,c924f935cff845c0b4b75ed2c6cdaac8,photo,tennis
5dc325aad5d145529997cd25b7608be9,8abcf6677be3439f97bb3375a3de366c,audio,healthy eating
503bd3849733473981f5561b2328f6d8,a4fd79209edf493084bd7a38b3bf9cec,GIF,food
7053e0be72274a05893f4bbee34f0f1f,2ad548cda8994992972b92cde9cea8f1,video,science
03344240df23421db0e34fac72fe6cd8,334e2fe86f2c424c8ed512c99f048722,video,fitness
16f8b6295173420f9c8b577313e9e128,600118fae6f44d74aeb6936abbbf38a1,video,healthy eating
24f994fa51d44e5ebdac79de67e7afbb,4c0558bcb0d944b08b705fc6acb6c362,video,food
b9b0dcaa7b394b159f75165ae7aac6b8,13f0db8a152a496fa6e81ed6a90b8788,GIF,animals
e7baa303bc5c4990b813e16fc42342d3,7000ac2e87a04e23b3425f150e03f9ef,audio,science
73a7ec8f08e741c6a99551537ff8772a,583f2bde886d4cf3a5c47cb60cd25df3,video,technology
f3e9785cd4e04258a8764d58ddb38790,de1d478e35524223b039d3086cc485ec,GIF,studying
bea01dba56f44d2682a19b13fb382d89,1545ddaf2b75414382feb88966aee4fb,photo,dogs
0bfa4a8c78be4f6e888f490c47d355ed,c5d0487987bd49509e63334382ef53af,photo,dogs
02c9f76bf9cc48c5aedf73f37c637a71,6e9c7f30264a4aa0b3ac36e852d10906,photo,veganism
8fe925445c154f77bc40c6e4b7d13674,b143cd2b20b14e9c9bb7cfb359b33d01,GIF,animals
c61b7ef6d7ab41fcaebcdc16f256957f,41cd692abe3c4acda2c8184586bdc180,GIF,cooking
8e0f1d3eb58844dea4238224eb26aa99,f41d30f150c3419ca2d89043c7e568ca,audio,healthy eating
a1249a4663624a73a1e93b5d236cdd73,3455a646398f4b16b19a1371cdb2e048,GIF,studying
bc06bab7dbf74d7a81b49f76f2f0b87c,80fc5e2817ac4e79b9df0d500abbe8b5,GIF,culture
58b0f92a76ae4521a2232b117f4f4e70,3663e3e63d5c4ed9a6af1e680ec5f34b,video,dogs
9c8f1389d04e4a55a2f51612539b70a7,4edc3d1aa7d94db689c3f784d9954172,audio,technology
98d99f96c8f94075a3c8f7aceb7e3bd2,8dda1a419e574944bd3618c0ac343b13,photo,technology
b23a874f72fa4abb9ca5941850c672bc,e8493c327f6f4e57a691cf0df6f015c9,photo,healthy eating
26c02731b5d84ad399a25e589e107937,1d8dfb6a330c4eb9a603364f207c6e57,video,studying
998194db57064b0195657c7e7d4ea5f5,acfcd174178c4af381185be702fb80cf,audio,cooking
54e293959eba4945abeecad58cbab090,ad9f5c2faa304bafb08456b1a4b63b09,video,Science
cab37e790e764bd2b6bd2fc8bf66ca99,64b82ed580dc4fbb9dfcd7e037684f0e,photo,animals
88e43f42027e4256bab42d1c2b6f8f67,93dd80c04ff242ed99491621b0a68c63,photo,education
a7849ef359304ba99cbee215811e713e,d9aab962e9644afd83eeabda0865da67,photo,studying
c13e7406c6104721b80d2b5ad533e90a,95258c365b6b459185ee0c43f503c1d5,GIF,cooking
a973290c989a44d2afb99b4bf16cc17f,04e52602e3704a99bfdaf0c1655058da,video,tennis
b2a20047ac6f4caa90b1fe735433e362,33c1cee6ae564f8e84fcee0a4b7bbf4c,photo,culture
a287c7adf5c84d87940bb7b24e2b42ac,4793cc6dbe6042ccbfd47ce8fd4d0eab,video,fitness
5119955205ed47e59c866177a406d928,fa16aabbfac34310b19cce7021eb825b,audio,fitness
b94d86434dd84f15a58e0c9b6691d01a,34e8add9020647fda501037b994650a2,GIF,healthy eating
2e32de07dc794cdcbf1dbac90ba3fd85,ad4bd87855e7487ca4db470b23bbd832,video,studying
89cb4504fccd40f4945e410f74ee4735,a81378a558de4631b2b13eca765f68c6,photo,animals
67766c847d8d46e2b2e88b0f8dc27193,fb4654ffce234a77b52a50f8948b5664,photo,veganism
331fad490e3346768e2d51ec52e86625,5c433d28dfb74456a468dc3705147ce0,audio,education
c54b49c4b1f2464185951cbd19937845,2ab641a86ad44d1a8511d87ff5346773,photo,science
b4cef9ef627b41d7a0515961b0204ebb,5b62e10e3c194d28a57ce9bdc3d6758d,video,public speaking
7a79f4e43b7d44dcbdefbc990740252c,4fe420faa1934408bd5d62a020233609,GIF,technology
435007a562614d8bb0a455fdc189754b,35d6a1f3e3584d4b807405f3b7f35c2a,audio,veganism
4e4c9690c0134ee79e66943d8cbd27b7,b9bcd994f0004f6b87fccaae08acfaa1,GIF,culture
75d6b5897fae4a6db0d0752845150e56,b8c653b501184d7e9bde07c2de90f0ff,audio,technology
